OP_ID,GN_EFFORT_ID,OP_DATE,MESH_SIZE,BEG_DEPTH,END_DEPTH,LAT,LON,NIGHTS_OUT,N.PANEL
100828,43133,10/23/1930,23,60.4,60.4,42.1306,-86.7028,8,1
100829,43134,10/23/1930,24,60.4,60.4,42.1306,-86.7028,8,1
100830,43135,10/23/1930,25,60.4,60.4,42.1306,-86.7028,8,1
100831,43136,10/23/1930,26,60.4,60.4,42.1306,-86.7028,8,1
100832,43137,10/23/1930,30,60.4,60.4,42.1306,-86.7028,8,1
100834,43139,10/23/1930,24,80.5,80.5,42.1417,-86.9236,8,1
100833,43138,10/23/1930,23,80.5,80.5,42.1417,-86.9236,8,1
100835,43140,10/23/1930,25,80.5,80.5,42.1417,-86.9236,8,1
100836,43141,10/23/1930,26,80.5,80.5,42.1417,-86.9236,8,1
100837,43142,10/23/1930,30,80.5,80.5,42.1417,-86.9236,8,1
99627,43386,6/18/1931,26,51.2,54.9,42.2867,-86.6,9,1
99624,43383,6/18/1931,23,51.2,54.9,42.2867,-86.6,9,1
99625,43384,6/18/1931,24,51.2,54.9,42.2867,-86.6,9,1
99626,43385,6/18/1931,25,51.2,54.9,42.2867,-86.6,9,1
99628,43387,6/18/1931,30,51.2,54.9,42.2867,-86.6,9,1
99702,43448,7/1/1931,23,51.2,54.9,42.2867,-86.6,13,1
99703,43449,7/1/1931,24,51.2,54.9,42.2867,-86.6,13,1
99704,43450,7/1/1931,25,51.2,54.9,42.2867,-86.6,13,1
99705,43451,7/1/1931,26,51.2,54.9,42.2867,-86.6,13,1
99706,43452,7/1/1931,30,51.2,54.9,42.2867,-86.6,13,1
100926,43208,5/12/1931,23,54.9,60.4,42.2917,-86.62,11,2
100927,43209,5/12/1931,24,54.9,60.4,42.2917,-86.62,11,2
100928,43210,5/12/1931,25,54.9,60.4,42.2917,-86.62,11,2
100929,43211,5/12/1931,26,54.9,60.4,42.2917,-86.62,11,2
100930,43212,5/12/1931,30,54.9,60.4,42.2917,-86.62,11,2
100997,43268,5/27/1931,23,55.8,60.4,42.2917,-86.62,15,1
100998,43269,5/27/1931,24,55.8,60.4,42.2917,-86.62,15,1
100999,43270,5/27/1931,25,55.8,60.4,42.2917,-86.62,15,1
101000,43271,5/27/1931,26,55.8,60.4,42.2917,-86.62,15,1
101001,43272,5/27/1931,30,55.8,60.4,42.2917,-86.62,15,1
101064,43323,6/9/1931,23,55.8,60.4,42.2917,-86.62,13,1
101065,43324,6/9/1931,24,55.8,60.4,42.2917,-86.62,13,1
101066,43325,6/9/1931,25,55.8,60.4,42.2917,-86.62,13,1
101067,43326,6/9/1931,26,55.8,60.4,42.2917,-86.62,13,1
101068,43327,6/9/1931,30,55.8,60.4,42.2917,-86.62,13,1
101057,43318,6/8/1931,23,82.3,84.1,42.2933,-87.4,13,2
100990,43263,5/26/1931,23,82.3,84.1,42.2933,-87.4,15,2
100991,43264,5/26/1931,24,82.3,84.1,42.2933,-87.4,15,2
100992,43265,5/26/1931,25,82.3,84.1,42.2933,-87.4,15,2
100993,43266,5/26/1931,26,82.3,84.1,42.2933,-87.4,15,2
100994,43267,5/26/1931,30,82.3,84.1,42.2933,-87.4,15,2
101058,43319,6/8/1931,24,82.3,84.1,42.2933,-87.4,13,2
101059,43320,6/8/1931,25,82.3,84.1,42.2933,-87.4,13,2
101060,43321,6/8/1931,26,82.3,84.1,42.2933,-87.4,13,2
101061,43322,6/8/1931,30,82.3,84.1,42.2933,-87.4,13,2
99617,43378,6/16/1931,23,82.3,84.1,42.2933,-87.4,8,2
99618,43379,6/16/1931,24,82.3,84.1,42.2933,-87.4,8,2
99619,43380,6/16/1931,25,82.3,84.1,42.2933,-87.4,8,2
99620,43381,6/16/1931,26,82.3,84.1,42.2933,-87.4,8,2
99621,43382,6/16/1931,30,82.3,84.1,42.2933,-87.4,8,2
99697,43443,6/30/1931,23,82.3,84.1,42.2933,-87.4,14,2
99698,43444,6/30/1931,24,82.3,84.1,42.2933,-87.4,14,2
99699,43445,6/30/1931,25,82.3,84.1,42.2933,-87.4,14,2
99700,43446,6/30/1931,26,82.3,84.1,42.2933,-87.4,14,2
99701,43447,6/30/1931,30,82.3,84.1,42.2933,-87.4,14,2
99615,43376,6/16/1931,26,49.4,54.9,42.3267,-87.63,8,2
100985,43258,5/26/1931,23,49.4,54.9,42.3267,-87.63,15,2
100986,43259,5/26/1931,24,49.4,54.9,42.3267,-87.63,15,2
100987,43260,5/26/1931,25,49.4,54.9,42.3267,-87.63,15,2
100988,43261,5/26/1931,26,49.4,54.9,42.3267,-87.63,15,2
100989,43262,5/26/1931,30,49.4,54.9,42.3267,-87.63,15,2
101052,43313,6/8/1931,23,49.4,54.9,42.3267,-87.63,13,2
101053,43314,6/8/1931,24,49.4,54.9,42.3267,-87.63,13,2
101054,43315,6/8/1931,25,49.4,54.9,42.3267,-87.63,13,2
101055,43316,6/8/1931,26,49.4,54.9,42.3267,-87.63,13,2
101056,43317,6/8/1931,30,49.4,54.9,42.3267,-87.63,13,2
99612,43373,6/16/1931,23,49.4,54.9,42.3267,-87.63,8,2
99613,43374,6/16/1931,24,49.4,54.9,42.3267,-87.63,8,2
99614,43375,6/16/1931,25,49.4,54.9,42.3267,-87.63,8,2
99616,43377,6/16/1931,30,49.4,54.9,42.3267,-87.63,8,2
99692,43438,6/30/1931,23,49.4,54.9,42.3267,-87.63,14,2
99693,43439,6/30/1931,24,49.4,54.9,42.3267,-87.63,14,2
99694,43440,6/30/1931,25,49.4,54.9,42.3267,-87.63,14,2
99695,43441,6/30/1931,26,49.4,54.9,42.3267,-87.63,14,2
99696,43442,6/30/1931,30,49.4,54.9,42.3267,-87.63,14,2
100868,43167,11/11/1930,30,29.3,31.1,42.375,-87.6972,1,1
100864,43163,11/11/1930,23,29.3,31.1,42.375,-87.6972,1,1
100865,43164,11/11/1930,24,29.3,31.1,42.375,-87.6972,1,1
100866,43165,11/11/1930,25,29.3,31.1,42.375,-87.6972,1,1
100867,43166,11/11/1930,26,29.3,31.1,42.375,-87.6972,1,1
100933,43215,5/12/1931,25,83.2,87.8,42.3833,-86.7017,11,2
100931,43213,5/12/1931,23,83.2,87.8,42.3833,-86.7017,11,2
100932,43214,5/12/1931,24,83.2,87.8,42.3833,-86.7017,11,2
100934,43216,5/12/1931,26,83.2,87.8,42.3833,-86.7017,11,2
100935,43217,5/12/1931,30,83.2,87.8,42.3833,-86.7017,11,2
101069,43328,6/9/1931,23,86.9,87.8,42.3867,-86.7167,13,1
101002,43273,5/27/1931,23,86.9,87.8,42.3867,-86.7167,15,1
101003,43274,5/27/1931,24,86.9,87.8,42.3867,-86.7167,15,1
101004,43275,5/27/1931,25,86.9,87.8,42.3867,-86.7167,15,1
101005,43276,5/27/1931,26,86.9,87.8,42.3867,-86.7167,15,1
101006,43277,5/27/1931,30,86.9,87.8,42.3867,-86.7167,15,1
101070,43329,6/9/1931,24,86.9,87.8,42.3867,-86.7167,13,1
101071,43330,6/9/1931,25,86.9,87.8,42.3867,-86.7167,13,1
101072,43331,6/9/1931,26,86.9,87.8,42.3867,-86.7167,13,1
101073,43332,6/9/1931,30,86.9,87.8,42.3867,-86.7167,13,1
99629,43388,6/18/1931,23,86.9,91.4,42.3867,-86.7167,9,2
99630,43389,6/18/1931,24,86.9,91.4,42.3867,-86.7167,9,2
99631,43390,6/18/1931,25,86.9,91.4,42.3867,-86.7167,9,2
99632,43391,6/18/1931,26,86.9,91.4,42.3867,-86.7167,9,2
99633,43392,6/18/1931,30,86.9,91.4,42.3867,-86.7167,9,2
99707,43453,7/1/1931,23,86.9,91.4,42.3867,-86.7167,13,2
99708,43454,7/1/1931,24,86.9,91.4,42.3867,-86.7167,13,2
99709,43455,7/1/1931,25,86.9,91.4,42.3867,-86.7167,13,2
99710,43456,7/1/1931,26,86.9,91.4,42.3867,-86.7167,13,2
99711,43457,7/1/1931,30,86.9,91.4,42.3867,-86.7167,13,2
100888,43186,11/15/1930,26,62.2,64,42.3945,-87.5931,3,1
100869,43168,11/12/1930,23,62.2,64,42.3945,-87.5931,5,1
100870,43169,11/12/1930,24,62.2,64,42.3945,-87.5931,5,1
100871,43170,11/12/1930,25,62.2,64,42.3945,-87.5931,5,1
100872,43171,11/12/1930,26,62.2,64,42.3945,-87.5931,5,1
100873,43172,11/12/1930,30,62.2,64,42.3945,-87.5931,5,1
100885,43183,11/15/1930,23,62.2,64,42.3945,-87.5931,3,1
100886,43184,11/15/1930,24,62.2,64,42.3945,-87.5931,3,1
100887,43185,11/15/1930,25,62.2,64,42.3945,-87.5931,3,1
100889,43187,11/15/1930,30,62.2,64,42.3945,-87.5931,3,1
100262,44019,11/14/1931,24,68.6,73.2,42.395,-87.5867,12,3
100263,44020,11/14/1931,25,68.6,73.2,42.395,-87.5867,12,3
100264,44021,11/14/1931,26,68.6,73.2,42.395,-87.5867,12,3
100265,44022,11/14/1931,30,68.6,73.2,42.395,-87.5867,12,3
100192,43959,10/22/1931,24,68.6,73.2,42.395,-87.5867,9,3
100227,43988,11/2/1931,23,68.6,73.2,42.395,-87.5867,11,3
100261,44018,11/14/1931,23,68.6,73.2,42.395,-87.5867,12,3
100191,43958,10/22/1931,23,68.6,73.2,42.395,-87.5867,9,3
100193,43960,10/22/1931,25,68.6,73.2,42.395,-87.5867,9,3
100194,43961,10/22/1931,26,68.6,73.2,42.395,-87.5867,9,3
100195,43962,10/22/1931,30,68.6,73.2,42.395,-87.5867,9,3
100228,43989,11/2/1931,24,68.6,73.2,42.395,-87.5867,11,3
100229,43990,11/2/1931,25,68.6,73.2,42.395,-87.5867,11,3
100230,43991,11/2/1931,26,68.6,73.2,42.395,-87.5867,11,3
100231,43992,11/2/1931,30,68.6,73.2,42.395,-87.5867,11,3
100697,43027,8/19/1930,23,49.4,51.2,42.4,-86.4667,12,1
100698,43028,8/19/1930,24,49.4,51.2,42.4,-86.4667,12,1
100699,43029,8/19/1930,25,49.4,51.2,42.4,-86.4667,12,1
100700,43030,8/19/1930,26,49.4,51.2,42.4,-86.4667,12,1
100701,43031,8/19/1930,30,49.4,51.2,42.4,-86.4667,12,1
100814,43119,10/21/1930,24,82.3,128,42.4389,-86.5597,7,1
100813,43118,10/21/1930,23,82.3,128,42.4389,-86.5597,7,1
100815,43120,10/21/1930,25,82.3,128,42.4389,-86.5597,7,1
100816,43121,10/21/1930,26,82.3,128,42.4389,-86.5597,7,1
100817,43122,10/21/1930,30,82.3,128,42.4389,-86.5597,7,1
100838,43143,10/28/1930,23,60.4,61.3,42.4736,-86.4778,12,1
100839,43144,10/28/1930,24,60.4,61.3,42.4736,-86.4778,12,1
100840,43145,10/28/1930,25,60.4,61.3,42.4736,-86.4778,12,1
100841,43146,10/28/1930,26,60.4,61.3,42.4736,-86.4778,12,1
100842,43147,10/28/1930,30,60.4,61.3,42.4736,-86.4778,12,1
100843,43148,10/30/1930,23,75,75,42.5208,-86.5806,14,1
100844,43149,10/30/1930,24,75,75,42.5208,-86.5806,14,1
100845,43150,10/30/1930,25,75,75,42.5208,-86.5806,14,1
100846,43151,10/30/1930,26,75,75,42.5208,-86.5806,14,1
100847,43152,10/30/1930,30,75,75,42.5208,-86.5806,14,1
100880,43178,11/14/1930,23,65.8,65.8,42.5931,-87.5528,4,1
100881,43179,11/14/1930,24,65.8,65.8,42.5931,-87.5528,4,1
100882,43180,11/14/1930,25,65.8,65.8,42.5931,-87.5528,4,1
100883,43181,11/14/1930,26,65.8,65.8,42.5931,-87.5528,4,1
100884,43182,11/14/1930,30,65.8,65.8,42.5931,-87.5528,4,1
100857,43158,11/10/1930,23,73.2,73.2,42.5931,-87.557,4,1
100858,43159,11/10/1930,24,73.2,73.2,42.5931,-87.557,4,1
100859,43160,11/10/1930,25,73.2,73.2,42.5931,-87.557,4,1
100860,43161,11/10/1930,26,73.2,73.2,42.5931,-87.557,4,1
100861,43162,11/10/1930,30,73.2,73.2,42.5931,-87.557,4,1
100576,42922,7/28/1930,23,111.6,113.4,42.6472,-87.3445,16,1
100577,42923,7/28/1930,24,111.6,113.4,42.6472,-87.3445,16,1
100578,42924,7/28/1930,25,111.6,113.4,42.6472,-87.3445,16,1
100579,42925,7/28/1930,26,111.6,113.4,42.6472,-87.3445,16,1
100580,42926,7/28/1930,30,111.6,113.4,42.6472,-87.3445,16,1
100646,42982,8/8/1930,23,111.6,113.4,42.6472,-87.3445,12,1
100647,42983,8/8/1930,24,111.6,113.4,42.6472,-87.3445,12,1
100648,42984,8/8/1930,25,111.6,113.4,42.6472,-87.3445,12,1
100649,42985,8/8/1930,26,111.6,113.4,42.6472,-87.3445,12,1
100650,42986,8/8/1930,30,111.6,113.4,42.6472,-87.3445,12,1
100707,43037,8/20/1930,23,111.6,113.4,42.6472,-87.3445,12,1
100708,43038,8/20/1930,24,111.6,113.4,42.6472,-87.3445,12,1
100709,43039,8/20/1930,25,111.6,113.4,42.6472,-87.3445,12,1
100710,43040,8/20/1930,26,111.6,113.4,42.6472,-87.3445,12,1
100711,43041,8/20/1930,30,111.6,113.4,42.6472,-87.3445,12,1
100570,42917,7/26/1930,23,54.9,62.2,42.6472,-87.5833,14,1
100571,42918,7/26/1930,24,54.9,62.2,42.6472,-87.5833,14,1
100572,42919,7/26/1930,25,54.9,62.2,42.6472,-87.5833,14,1
100573,42920,7/26/1930,26,54.9,62.2,42.6472,-87.5833,14,1
100574,42921,7/26/1930,30,54.9,62.2,42.6472,-87.5833,14,1
100641,42977,8/8/1930,23,54.9,62.2,42.6472,-87.5833,12,1
100642,42978,8/8/1930,24,54.9,62.2,42.6472,-87.5833,12,1
100643,42979,8/8/1930,25,54.9,62.2,42.6472,-87.5833,12,1
100644,42980,8/8/1930,26,54.9,62.2,42.6472,-87.5833,12,1
100645,42981,8/8/1930,30,54.9,62.2,42.6472,-87.5833,12,1
100702,43032,8/20/1930,23,54.9,62.2,42.6472,-87.5833,12,1
100703,43033,8/20/1930,24,54.9,62.2,42.6472,-87.5833,12,1
100704,43034,8/20/1930,25,54.9,62.2,42.6472,-87.5833,12,1
100705,43035,8/20/1930,26,54.9,62.2,42.6472,-87.5833,12,1
100706,43036,8/20/1930,30,54.9,62.2,42.6472,-87.5833,12,1
99825,43553,7/25/1931,23,65.8,73.2,42.7633,-87.5617,8,2
99826,43554,7/25/1931,24,65.8,73.2,42.7633,-87.5617,8,2
99827,43555,7/25/1931,25,65.8,73.2,42.7633,-87.5617,8,2
99828,43556,7/25/1931,26,65.8,73.2,42.7633,-87.5617,8,2
99829,43557,7/25/1931,30,65.8,73.2,42.7633,-87.5617,8,2
99885,43603,8/6/1931,23,65.8,73.2,42.7633,-87.5617,12,2
99886,43604,8/6/1931,24,65.8,73.2,42.7633,-87.5617,12,2
99887,43605,8/6/1931,25,65.8,73.2,42.7633,-87.5617,12,2
99888,43606,8/6/1931,26,65.8,73.2,42.7633,-87.5617,12,2
99889,43607,8/6/1931,30,65.8,73.2,42.7633,-87.5617,12,2
99945,43653,8/15/1931,23,65.8,73.2,42.7633,-87.5617,9,2
99946,43654,8/15/1931,24,65.8,73.2,42.7633,-87.5617,9,2
99947,43655,8/15/1931,25,65.8,73.2,42.7633,-87.5617,9,2
99948,43656,8/15/1931,26,65.8,73.2,42.7633,-87.5617,9,2
99949,43657,8/15/1931,30,65.8,73.2,42.7633,-87.5617,9,2
100147,43822,9/14/1931,30,58.5,65.8,42.765,-87.5883,11,2
100007,43703,8/24/1931,23,58.5,65.8,42.765,-87.5883,9,2
100008,43704,8/24/1931,24,58.5,65.8,42.765,-87.5883,9,2
100009,43705,8/24/1931,25,58.5,65.8,42.765,-87.5883,9,2
100010,43706,8/24/1931,26,58.5,65.8,42.765,-87.5883,9,2
100011,43707,8/24/1931,30,58.5,65.8,42.765,-87.5883,9,2
100078,43763,9/2/1931,23,58.5,65.8,42.765,-87.5883,9,2
100079,43764,9/2/1931,24,58.5,65.8,42.765,-87.5883,9,2
100080,43765,9/2/1931,25,58.5,65.8,42.765,-87.5883,9,2
100081,43766,9/2/1931,26,58.5,65.8,42.765,-87.5883,9,2
100082,43767,9/2/1931,30,58.5,65.8,42.765,-87.5883,9,2
100143,43818,9/14/1931,23,58.5,65.8,42.765,-87.5883,11,2
100144,43819,9/14/1931,24,58.5,65.8,42.765,-87.5883,11,2
100145,43820,9/14/1931,25,58.5,65.8,42.765,-87.5883,11,2
100146,43821,9/14/1931,26,58.5,65.8,42.765,-87.5883,11,2
100322,43868,9/24/1931,23,58.5,65.8,42.765,-87.5883,10,2
100323,43869,9/24/1931,24,58.5,65.8,42.765,-87.5883,10,2
100324,43870,9/24/1931,25,58.5,65.8,42.765,-87.5883,10,2
100325,43871,9/24/1931,26,58.5,65.8,42.765,-87.5883,10,2
100326,43872,9/24/1931,30,58.5,65.8,42.765,-87.5883,10,2
100855,43157,11/8/1930,30,76.8,78.6,42.7708,-87.4972,5,1
100879,43177,11/13/1930,30,75,76.8,42.7708,-87.4972,5,1
100851,43153,11/8/1930,23,76.8,78.6,42.7708,-87.4972,5,1
100852,43154,11/8/1930,24,76.8,78.6,42.7708,-87.4972,5,1
100853,43155,11/8/1930,25,76.8,78.6,42.7708,-87.4972,5,1
100854,43156,11/8/1930,26,76.8,78.6,42.7708,-87.4972,5,1
100875,43173,11/13/1930,23,75,76.8,42.7708,-87.4972,5,1
100876,43174,11/13/1930,24,75,76.8,42.7708,-87.4972,5,1
100877,43175,11/13/1930,25,75,76.8,42.7708,-87.4972,5,1
100878,43176,11/13/1930,26,75,76.8,42.7708,-87.4972,5,1
100256,44013,11/13/1931,23,86,89.6,42.7967,-87.4883,14,3
100257,44014,11/13/1931,24,86,89.6,42.7967,-87.4883,14,3
100258,44015,11/13/1931,25,86,89.6,42.7967,-87.4883,14,3
100259,44016,11/13/1931,26,86,89.6,42.7967,-87.4883,14,3
100260,44017,11/13/1931,30,86,89.6,42.7967,-87.4883,14,3
99894,43612,8/6/1931,30,102.4,106.1,42.8233,-87.355,12,2
100013,43709,8/24/1931,24,102.4,106.1,42.8233,-87.355,9,2
100085,43770,9/2/1931,25,102.4,106.1,42.8233,-87.355,9,2
99830,43558,7/25/1931,23,102.4,106.1,42.8233,-87.355,8,2
99831,43559,7/25/1931,24,102.4,106.1,42.8233,-87.355,8,2
99832,43560,7/25/1931,25,102.4,106.1,42.8233,-87.355,8,2
99833,43561,7/25/1931,26,102.4,106.1,42.8233,-87.355,8,2
99834,43562,7/25/1931,30,102.4,106.1,42.8233,-87.355,8,2
99890,43608,8/6/1931,23,102.4,106.1,42.8233,-87.355,12,2
99891,43609,8/6/1931,24,102.4,106.1,42.8233,-87.355,12,2
99892,43610,8/6/1931,25,102.4,106.1,42.8233,-87.355,12,2
99893,43611,8/6/1931,26,102.4,106.1,42.8233,-87.355,12,2
99950,43658,8/15/1931,23,102.4,106.1,42.8233,-87.355,9,2
99951,43659,8/15/1931,24,102.4,106.1,42.8233,-87.355,9,2
99952,43660,8/15/1931,25,102.4,106.1,42.8233,-87.355,9,2
99953,43661,8/15/1931,26,102.4,106.1,42.8233,-87.355,9,2
99954,43662,8/15/1931,30,102.4,106.1,42.8233,-87.355,9,2
100012,43708,8/24/1931,23,102.4,106.1,42.8233,-87.355,9,2
100014,43710,8/24/1931,25,102.4,106.1,42.8233,-87.355,9,2
100015,43711,8/24/1931,26,102.4,106.1,42.8233,-87.355,9,2
100016,43712,8/24/1931,30,102.4,106.1,42.8233,-87.355,9,2
100083,43768,9/2/1931,23,102.4,106.1,42.8233,-87.355,9,2
100084,43769,9/2/1931,24,102.4,106.1,42.8233,-87.355,9,2
100086,43771,9/2/1931,26,102.4,106.1,42.8233,-87.355,9,2
100087,43772,9/2/1931,30,102.4,106.1,42.8233,-87.355,9,2
100148,43823,9/14/1931,23,102.4,106.1,42.8233,-87.355,11,2
100149,43824,9/14/1931,24,102.4,106.1,42.8233,-87.355,11,2
100150,43825,9/14/1931,25,102.4,106.1,42.8233,-87.355,11,2
100151,43826,9/14/1931,26,102.4,106.1,42.8233,-87.355,11,2
100152,43827,9/14/1931,30,102.4,106.1,42.8233,-87.355,11,2
100389,43930,10/9/1931,25,106.1,111.6,42.8267,-87.34,11,3
100327,43873,9/28/1931,23,106.1,111.6,42.8267,-87.34,14,2
100328,43874,9/28/1931,24,106.1,111.6,42.8267,-87.34,14,2
100329,43875,9/28/1931,25,106.1,111.6,42.8267,-87.34,14,2
100330,43876,9/28/1931,26,106.1,111.6,42.8267,-87.34,14,2
100331,43877,9/28/1931,30,106.1,111.6,42.8267,-87.34,14,2
100387,43928,10/9/1931,23,106.1,111.6,42.8267,-87.34,11,3
100388,43929,10/9/1931,24,106.1,111.6,42.8267,-87.34,11,3
100390,43931,10/9/1931,26,106.1,111.6,42.8267,-87.34,11,3
100391,43932,10/9/1931,30,106.1,111.6,42.8267,-87.34,11,3
100185,43953,10/21/1931,23,106.1,111.6,42.8267,-87.34,12,3
100186,43954,10/21/1931,24,106.1,111.6,42.8267,-87.34,12,3
100187,43955,10/21/1931,25,106.1,111.6,42.8267,-87.34,12,3
100188,43956,10/21/1931,26,106.1,111.6,42.8267,-87.34,12,3
100189,43957,10/21/1931,30,106.1,111.6,42.8267,-87.34,12,3
100221,43983,10/30/1931,23,106.1,124.4,42.8267,-87.34,9,3
100222,43984,10/30/1931,24,106.1,124.4,42.8267,-87.34,9,3
100223,43985,10/30/1931,25,106.1,124.4,42.8267,-87.34,9,3
100224,43986,10/30/1931,26,106.1,124.4,42.8267,-87.34,9,3
100225,43987,10/30/1931,30,106.1,124.4,42.8267,-87.34,9,3
100912,43198,5/8/1931,23,66.8,73.2,42.835,-87.55,10,2
100913,43199,5/8/1931,24,66.8,73.2,42.835,-87.55,10,2
100914,43200,5/8/1931,25,66.8,73.2,42.835,-87.55,10,2
100915,43201,5/8/1931,26,66.8,73.2,42.835,-87.55,10,2
100916,43202,5/8/1931,30,66.8,73.2,42.835,-87.55,10,2
100973,43248,5/22/1931,23,66.8,73.2,42.835,-87.55,14,2
100974,43249,5/22/1931,24,66.8,73.2,42.835,-87.55,14,2
100975,43250,5/22/1931,25,66.8,73.2,42.835,-87.55,14,2
100976,43251,5/22/1931,26,66.8,73.2,42.835,-87.55,14,2
100977,43252,5/22/1931,30,66.8,73.2,42.835,-87.55,14,2
99604,43367,6/15/1931,30,57.6,66.8,42.835,-87.575,12,2
99767,43505,7/10/1931,25,57.6,66.8,42.835,-87.575,11,2
101040,43303,6/3/1931,23,57.6,66.8,42.835,-87.575,12,2
101041,43304,6/3/1931,24,57.6,66.8,42.835,-87.575,12,2
101042,43305,6/3/1931,25,57.6,66.8,42.835,-87.575,12,2
101043,43306,6/3/1931,26,57.6,66.8,42.835,-87.575,12,2
101044,43307,6/3/1931,30,57.6,66.8,42.835,-87.575,12,2
99600,43363,6/15/1931,23,57.6,66.8,42.835,-87.575,12,2
99601,43364,6/15/1931,24,57.6,66.8,42.835,-87.575,12,2
99602,43365,6/15/1931,25,57.6,66.8,42.835,-87.575,12,2
99603,43366,6/15/1931,26,57.6,66.8,42.835,-87.575,12,2
99680,43428,6/29/1931,23,57.6,66.8,42.835,-87.575,14,2
99681,43429,6/29/1931,24,57.6,66.8,42.835,-87.575,14,2
99682,43430,6/29/1931,25,57.6,66.8,42.835,-87.575,14,2
99683,43431,6/29/1931,26,57.6,66.8,42.835,-87.575,14,2
99684,43432,6/29/1931,30,57.6,66.8,42.835,-87.575,14,2
99765,43503,7/10/1931,23,57.6,66.8,42.835,-87.575,11,2
99766,43504,7/10/1931,24,57.6,66.8,42.835,-87.575,11,2
99768,43506,7/10/1931,26,57.6,66.8,42.835,-87.575,11,2
99769,43507,7/10/1931,30,57.6,66.8,42.835,-87.575,11,2
99687,43435,6/29/1931,25,93.3,94.2,42.8717,-87.4083,14,2
99685,43433,6/29/1931,23,93.3,94.2,42.8717,-87.4083,14,2
99686,43434,6/29/1931,24,93.3,94.2,42.8717,-87.4083,14,2
99688,43436,6/29/1931,26,93.3,94.2,42.8717,-87.4083,14,2
99689,43437,6/29/1931,30,93.3,94.2,42.8717,-87.4083,14,2
99770,43508,7/10/1931,23,93.3,94.2,42.8717,-87.4083,11,2
99771,43509,7/10/1931,24,93.3,94.2,42.8717,-87.4083,11,2
99772,43510,7/10/1931,25,93.3,94.2,42.8717,-87.4083,11,2
99773,43511,7/10/1931,26,93.3,94.2,42.8717,-87.4083,11,2
99774,43512,7/10/1931,30,93.3,94.2,42.8717,-87.4083,11,2
100919,43205,5/8/1931,25,93.3,94.2,42.8767,-87.4083,10,2
101046,43309,6/3/1931,24,93.3,94.2,42.8767,-87.4083,12,2
100917,43203,5/8/1931,23,93.3,94.2,42.8767,-87.4083,10,2
100918,43204,5/8/1931,24,93.3,94.2,42.8767,-87.4083,10,2
100920,43206,5/8/1931,26,93.3,94.2,42.8767,-87.4083,10,2
100921,43207,5/8/1931,30,93.3,94.2,42.8767,-87.4083,10,2
100979,43253,5/23/1931,23,93.3,94.2,42.8767,-87.4083,15,2
100980,43254,5/23/1931,24,93.3,94.2,42.8767,-87.4083,15,2
100981,43255,5/23/1931,25,93.3,94.2,42.8767,-87.4083,15,2
100982,43256,5/23/1931,26,93.3,94.2,42.8767,-87.4083,15,2
100983,43257,5/23/1931,30,93.3,94.2,42.8767,-87.4083,15,2
101045,43308,6/3/1931,23,93.3,94.2,42.8767,-87.4083,12,2
101047,43310,6/3/1931,25,93.3,94.2,42.8767,-87.4083,12,2
101048,43311,6/3/1931,26,93.3,94.2,42.8767,-87.4083,12,2
101049,43312,6/3/1931,30,93.3,94.2,42.8767,-87.4083,12,2
99605,43368,6/15/1931,23,93.3,94.2,42.8767,-87.4083,12,2
99606,43369,6/15/1931,24,93.3,94.2,42.8767,-87.4083,12,2
99607,43370,6/15/1931,25,93.3,94.2,42.8767,-87.4083,12,2
99608,43371,6/15/1931,26,93.3,94.2,42.8767,-87.4083,12,2
99609,43372,6/15/1931,30,93.3,94.2,42.8767,-87.4083,12,2
100824,43129,10/22/1930,24,82.3,82.3,42.9506,-86.5667,8,1
100823,43128,10/22/1930,23,82.3,82.3,42.9506,-86.5667,8,1
100825,43130,10/22/1930,25,82.3,82.3,42.9506,-86.5667,8,1
100826,43131,10/22/1930,26,82.3,82.3,42.9506,-86.5667,8,1
100827,43132,10/22/1930,30,82.3,82.3,42.9506,-86.5667,8,1
100808,43113,10/21/1930,23,65.8,82.3,42.9903,-86.4167,7,1
100809,43114,10/21/1930,24,65.8,82.3,42.9903,-86.4167,7,1
100810,43115,10/21/1930,25,65.8,82.3,42.9903,-86.4167,7,1
100811,43116,10/21/1930,26,65.8,82.3,42.9903,-86.4167,7,1
100812,43117,10/21/1930,30,65.8,82.3,42.9903,-86.4167,7,1
100251,44008,11/12/1931,23,66.3,71.3,42.9933,-87.5967,14,2
100252,44009,11/12/1931,24,66.3,71.3,42.9933,-87.5967,14,2
100253,44010,11/12/1931,25,66.3,71.3,42.9933,-87.5967,14,2
100254,44011,11/12/1931,26,66.3,71.3,42.9933,-87.5967,14,2
100255,44012,11/12/1931,30,66.3,71.3,42.9933,-87.5967,14,2
100181,43950,10/20/1931,25,59.4,65.8,42.9967,-87.6283,13,3
100216,43979,10/29/1931,24,59.4,65.8,42.9967,-87.6283,9,3
100412,43948,10/20/1931,23,59.4,65.8,42.9967,-87.6283,13,3
100180,43949,10/20/1931,24,59.4,65.8,42.9967,-87.6283,13,3
100182,43951,10/20/1931,26,59.4,65.8,42.9967,-87.6283,13,3
100183,43952,10/20/1931,30,59.4,65.8,42.9967,-87.6283,13,3
100215,43978,10/29/1931,23,59.4,65.8,42.9967,-87.6283,9,3
100217,43980,10/29/1931,25,59.4,65.8,42.9967,-87.6283,9,3
100218,43981,10/29/1931,26,59.4,65.8,42.9967,-87.6283,9,3
100219,43982,10/29/1931,30,59.4,65.8,42.9967,-87.6283,9,3
100818,43123,10/22/1930,23,64,80.5,43.0083,-86.4014,8,1
100819,43124,10/22/1930,24,64,80.5,43.0083,-86.4014,8,1
100820,43125,10/22/1930,25,64,80.5,43.0083,-86.4014,8,1
100821,43126,10/22/1930,26,64,80.5,43.0083,-86.4014,8,1
100822,43127,10/22/1930,30,64,80.5,43.0083,-86.4014,8,1
100443,42812,6/30/1930,23,65.8,73.2,43.0717,-86.3838,10,1
100444,42813,6/30/1930,24,65.8,73.2,43.0717,-86.3838,10,1
100445,42814,6/30/1930,25,65.8,73.2,43.0717,-86.3838,10,1
100446,42815,6/30/1930,26,65.8,73.2,43.0717,-86.3838,10,1
100447,42816,6/30/1930,30,65.8,73.2,43.0717,-86.3838,10,1
100496,42857,7/11/1930,23,65.8,73.2,43.0717,-86.3838,11,1
100497,42858,7/11/1930,24,65.8,73.2,43.0717,-86.3838,11,1
100498,42859,7/11/1930,25,65.8,73.2,43.0717,-86.3838,11,1
100499,42860,7/11/1930,26,65.8,73.2,43.0717,-86.3838,11,1
100500,42861,7/11/1930,30,65.8,73.2,43.0717,-86.3838,11,1
100558,42907,7/25/1930,23,45.7,47.5,43.0792,-86.3847,14,1
100559,42908,7/25/1930,24,45.7,47.5,43.0792,-86.3847,14,1
100560,42909,7/25/1930,25,45.7,47.5,43.0792,-86.3847,14,1
100561,42910,7/25/1930,26,45.7,47.5,43.0792,-86.3847,14,1
100562,42911,7/25/1930,30,45.7,47.5,43.0792,-86.3847,14,1
100628,42967,8/6/1930,23,45.7,47.5,43.0792,-86.3847,12,1
100629,42968,8/6/1930,24,45.7,47.5,43.0792,-86.3847,12,1
100630,42969,8/6/1930,25,45.7,47.5,43.0792,-86.3847,12,1
100631,42970,8/6/1930,26,45.7,47.5,43.0792,-86.3847,12,1
100632,42971,8/6/1930,30,45.7,47.5,43.0792,-86.3847,12,1
100687,43017,8/14/1930,23,45.7,47.5,43.0792,-86.3847,8,1
100688,43018,8/14/1930,24,45.7,47.5,43.0792,-86.3847,8,1
100689,43019,8/14/1930,25,45.7,47.5,43.0792,-86.3847,8,1
100690,43020,8/14/1930,26,45.7,47.5,43.0792,-86.3847,8,1
100691,43021,8/14/1930,30,45.7,47.5,43.0792,-86.3847,8,1
100501,42862,7/11/1930,23,100.6,102.4,43.0861,-86.5875,20,1
100502,42863,7/11/1930,24,100.6,102.4,43.0861,-86.5875,20,1
100503,42864,7/11/1930,25,100.6,102.4,43.0861,-86.5875,20,1
100504,42865,7/11/1930,26,100.6,102.4,43.0861,-86.5875,20,1
100505,42866,7/11/1930,30,100.6,102.4,43.0861,-86.5875,20,1
100449,42817,7/1/1930,23,71.3,73.2,43.1153,-87.6695,9,1
100451,42819,7/1/1930,25,71.3,73.2,43.1153,-87.6695,9,1
100452,42820,7/1/1930,26,71.3,73.2,43.1153,-87.6695,9,1
100515,42872,7/15/1930,23,71.3,73.2,43.1153,-87.6695,14,1
100516,42873,7/15/1930,24,71.3,73.2,43.1153,-87.6695,14,1
100517,42874,7/15/1930,25,71.3,73.2,43.1153,-87.6695,14,1
100518,42875,7/15/1930,26,71.3,73.2,43.1153,-87.6695,14,1
100519,42876,7/15/1930,30,71.3,73.2,43.1153,-87.6695,14,1
99778,43514,7/18/1931,24,42.1,47.5,43.1317,-86.35,16,1
99837,43563,7/27/1931,23,42.1,47.5,43.1317,-86.35,9,1
99712,43458,7/2/1931,23,42.1,47.5,43.1317,-86.35,10,1
99713,43459,7/2/1931,24,42.1,47.5,43.1317,-86.35,10,1
99714,43460,7/2/1931,25,42.1,47.5,43.1317,-86.35,10,1
99715,43461,7/2/1931,26,42.1,47.5,43.1317,-86.35,10,1
99716,43462,7/2/1931,30,42.1,47.5,43.1317,-86.35,10,1
99777,43513,7/18/1931,23,42.1,47.5,43.1317,-86.35,16,1
99779,43515,7/18/1931,25,42.1,47.5,43.1317,-86.35,16,1
99780,43516,7/18/1931,26,42.1,47.5,43.1317,-86.35,16,1
99781,43517,7/18/1931,30,42.1,47.5,43.1317,-86.35,16,1
99838,43564,7/27/1931,24,42.1,47.5,43.1317,-86.35,9,1
99839,43565,7/27/1931,25,42.1,47.5,43.1317,-86.35,9,1
99840,43566,7/27/1931,26,42.1,47.5,43.1317,-86.35,9,1
99841,43567,7/27/1931,30,42.1,47.5,43.1317,-86.35,9,1
99897,43613,8/7/1931,23,42.1,47.5,43.1317,-86.35,11,1
99898,43614,8/7/1931,24,42.1,47.5,43.1317,-86.35,11,1
99899,43615,8/7/1931,25,42.1,47.5,43.1317,-86.35,11,1
99900,43616,8/7/1931,26,42.1,47.5,43.1317,-86.35,11,1
99901,43617,8/7/1931,30,42.1,47.5,43.1317,-86.35,11,1
99957,43663,8/17/1931,23,42.1,47.5,43.1317,-86.35,10,1
99958,43664,8/17/1931,24,42.1,47.5,43.1317,-86.35,10,1
99959,43665,8/17/1931,25,42.1,47.5,43.1317,-86.35,10,1
99960,43666,8/17/1931,26,42.1,47.5,43.1317,-86.35,10,1
99961,43667,8/17/1931,30,42.1,47.5,43.1317,-86.35,10,1
100019,43713,8/25/1931,23,42.1,47.5,43.1317,-86.35,8,1
100020,43714,8/25/1931,24,42.1,47.5,43.1317,-86.35,8,1
100021,43715,8/25/1931,25,42.1,47.5,43.1317,-86.35,8,1
100022,43716,8/25/1931,26,42.1,47.5,43.1317,-86.35,8,1
100023,43717,8/25/1931,30,42.1,47.5,43.1317,-86.35,8,1
99639,43396,6/22/1931,26,52.1,57.6,43.1333,-86.3733,12,1
100938,43218,5/14/1931,23,47.5,58.5,43.1333,-86.3733,10,2
100939,43219,5/14/1931,24,47.5,58.5,43.1333,-86.3733,10,2
100940,43220,5/14/1931,25,47.5,58.5,43.1333,-86.3733,10,2
100941,43221,5/14/1931,26,47.5,58.5,43.1333,-86.3733,10,2
100942,43222,5/14/1931,30,47.5,58.5,43.1333,-86.3733,10,2
101009,43278,5/28/1931,23,52.1,58.5,43.1333,-86.3733,14,1
101010,43279,5/28/1931,24,52.1,58.5,43.1333,-86.3733,14,1
101011,43280,5/28/1931,25,52.1,58.5,43.1333,-86.3733,14,1
101012,43281,5/28/1931,26,52.1,58.5,43.1333,-86.3733,14,1
101013,43282,5/28/1931,30,52.1,58.5,43.1333,-86.3733,14,1
101076,43333,6/10/1931,23,52.1,58.5,43.1333,-86.3733,13,1
101077,43334,6/10/1931,24,52.1,58.5,43.1333,-86.3733,13,1
101078,43335,6/10/1931,25,52.1,58.5,43.1333,-86.3733,13,1
101079,43336,6/10/1931,26,52.1,58.5,43.1333,-86.3733,13,1
101080,43337,6/10/1931,30,52.1,58.5,43.1333,-86.3733,13,1
99636,43393,6/22/1931,23,52.1,57.6,43.1333,-86.3733,12,1
99637,43394,6/22/1931,24,52.1,57.6,43.1333,-86.3733,12,1
99638,43395,6/22/1931,25,52.1,57.6,43.1333,-86.3733,12,1
99640,43397,6/22/1931,30,52.1,57.6,43.1333,-86.3733,12,1
100090,43773,9/3/1931,23,54.9,58.5,43.1383,-86.405,9,1
100091,43774,9/3/1931,24,54.9,58.5,43.1383,-86.405,9,1
100092,43775,9/3/1931,25,54.9,58.5,43.1383,-86.405,9,1
100158,43831,9/15/1931,26,58.5,62.2,43.1433,-86.4183,12,1
100155,43828,9/15/1931,23,58.5,62.2,43.1433,-86.4183,12,1
100156,43829,9/15/1931,24,58.5,62.2,43.1433,-86.4183,12,1
100157,43830,9/15/1931,25,58.5,62.2,43.1433,-86.4183,12,1
100159,43832,9/15/1931,30,58.5,62.2,43.1433,-86.4183,12,1
100333,43878,9/29/1931,23,58.5,62.2,43.1433,-86.4183,14,1
100334,43879,9/29/1931,24,58.5,62.2,43.1433,-86.4183,14,1
100335,43880,9/29/1931,25,58.5,62.2,43.1433,-86.4183,14,1
100336,43881,9/29/1931,26,58.5,62.2,43.1433,-86.4183,14,1
100337,43882,9/29/1931,30,58.5,62.2,43.1433,-86.4183,14,1
100160,43833,9/15/1931,23,104.2,106.1,43.2017,-86.5317,12,1
100161,43834,9/15/1931,24,104.2,106.1,43.2017,-86.5317,12,1
100162,43835,9/15/1931,25,104.2,106.1,43.2017,-86.5317,12,1
100163,43836,9/15/1931,26,104.2,106.1,43.2017,-86.5317,12,1
100164,43837,9/15/1931,30,104.2,106.1,43.2017,-86.5317,12,1
100338,43883,9/29/1931,23,104.2,106.1,43.2017,-86.5317,14,1
100339,43884,9/29/1931,24,104.2,106.1,43.2017,-86.5317,14,1
100340,43885,9/29/1931,25,104.2,106.1,43.2017,-86.5317,14,1
100341,43886,9/29/1931,26,104.2,106.1,43.2017,-86.5317,14,1
100342,43887,9/29/1931,30,104.2,106.1,43.2017,-86.5317,14,1
100025,43719,8/25/1931,24,103.3,104.2,43.2017,-86.5133,8,1
100098,43781,9/3/1931,26,103.3,104.2,43.2017,-86.5133,9,1
100024,43718,8/25/1931,23,103.3,104.2,43.2017,-86.5133,8,1
100026,43720,8/25/1931,25,103.3,104.2,43.2017,-86.5133,8,1
100027,43721,8/25/1931,26,103.3,104.2,43.2017,-86.5133,8,1
100028,43722,8/25/1931,30,103.3,104.2,43.2017,-86.5133,8,1
100095,43778,9/3/1931,23,103.3,104.2,43.2017,-86.5133,9,1
100096,43779,9/3/1931,24,103.3,104.2,43.2017,-86.5133,9,1
100097,43780,9/3/1931,25,103.3,104.2,43.2017,-86.5133,9,1
100099,43782,9/3/1931,30,103.3,104.2,43.2017,-86.5133,9,1
101081,43338,6/10/1931,23,54.9,91.4,43.2017,-86.4967,13,1
99846,43572,7/27/1931,30,91.4,103.3,43.2017,-86.4967,9,1
100943,43223,5/14/1931,23,91.4,103.3,43.2017,-86.4967,10,2
100944,43224,5/14/1931,24,91.4,103.3,43.2017,-86.4967,10,2
100945,43225,5/14/1931,25,91.4,103.3,43.2017,-86.4967,10,2
100946,43226,5/14/1931,26,91.4,103.3,43.2017,-86.4967,10,2
100947,43227,5/14/1931,30,91.4,103.3,43.2017,-86.4967,10,2
101014,43283,5/28/1931,23,95.1,103.3,43.2017,-86.4967,14,1
101015,43284,5/28/1931,24,95.1,103.3,43.2017,-86.4967,14,1
101016,43285,5/28/1931,25,95.1,103.3,43.2017,-86.4967,14,1
101017,43286,5/28/1931,26,95.1,103.3,43.2017,-86.4967,14,1
101018,43287,5/28/1931,30,95.1,103.3,43.2017,-86.4967,14,1
101082,43339,6/10/1931,24,54.9,91.4,43.2017,-86.4967,13,1
101083,43340,6/10/1931,25,54.9,91.4,43.2017,-86.4967,13,1
101084,43341,6/10/1931,26,54.9,91.4,43.2017,-86.4967,13,1
101085,43342,6/10/1931,30,54.9,91.4,43.2017,-86.4967,13,1
99641,43398,6/22/1931,23,91.4,103.3,43.2017,-86.4967,12,1
99642,43399,6/22/1931,24,91.4,103.3,43.2017,-86.4967,12,1
99643,43400,6/22/1931,25,91.4,103.3,43.2017,-86.4967,12,1
99644,43401,6/22/1931,26,91.4,103.3,43.2017,-86.4967,12,1
99645,43402,6/22/1931,30,91.4,103.3,43.2017,-86.4967,12,1
99717,43463,7/2/1931,23,91.4,103.3,43.2017,-86.4967,10,1
99718,43464,7/2/1931,24,91.4,103.3,43.2017,-86.4967,10,1
99719,43465,7/2/1931,25,91.4,103.3,43.2017,-86.4967,10,1
99720,43466,7/2/1931,26,91.4,103.3,43.2017,-86.4967,10,1
99721,43467,7/2/1931,30,91.4,103.3,43.2017,-86.4967,10,1
99782,43518,7/18/1931,23,91.4,103.3,43.2017,-86.4967,16,1
99783,43519,7/18/1931,24,91.4,103.3,43.2017,-86.4967,16,1
99784,43520,7/18/1931,25,91.4,103.3,43.2017,-86.4967,16,1
99785,43521,7/18/1931,26,91.4,103.3,43.2017,-86.4967,16,1
99786,43522,7/18/1931,30,91.4,103.3,43.2017,-86.4967,16,1
99842,43568,7/27/1931,23,91.4,103.3,43.2017,-86.4967,9,1
99843,43569,7/27/1931,24,91.4,103.3,43.2017,-86.4967,9,1
99844,43570,7/27/1931,25,91.4,103.3,43.2017,-86.4967,9,1
99845,43571,7/27/1931,26,91.4,103.3,43.2017,-86.4967,9,1
99902,43618,8/7/1931,23,91.4,103.3,43.2017,-86.4967,11,1
99903,43619,8/7/1931,24,91.4,103.3,43.2017,-86.4967,11,1
99904,43620,8/7/1931,25,91.4,103.3,43.2017,-86.4967,11,1
99905,43621,8/7/1931,26,91.4,103.3,43.2017,-86.4967,11,1
99906,43622,8/7/1931,30,91.4,103.3,43.2017,-86.4967,11,1
99962,43668,8/17/1931,23,91.4,103.3,43.2017,-86.4967,10,1
99963,43669,8/17/1931,24,91.4,103.3,43.2017,-86.4967,10,1
99964,43670,8/17/1931,25,91.4,103.3,43.2017,-86.4967,10,1
99965,43671,8/17/1931,26,91.4,103.3,43.2017,-86.4967,10,1
99966,43672,8/17/1931,30,91.4,103.3,43.2017,-86.4967,10,1
100510,42867,7/15/1930,23,109.7,110.6,43.2236,-87.6333,22,1
100511,42868,7/15/1930,24,109.7,110.6,43.2236,-87.6333,22,1
100512,42869,7/15/1930,25,109.7,110.6,43.2236,-87.6333,22,1
100513,42870,7/15/1930,26,109.7,110.6,43.2236,-87.6333,22,1
100514,42871,7/15/1930,30,109.7,110.6,43.2236,-87.6333,22,1
100653,42987,8/9/1930,23,56.7,67.7,43.2945,-87.5181,11,1
100654,42988,8/9/1930,24,56.7,67.7,43.2945,-87.5181,11,1
100655,42989,8/9/1930,25,56.7,67.7,43.2945,-87.5181,11,1
100656,42990,8/9/1930,26,56.7,67.7,43.2945,-87.5181,11,1
100657,42991,8/9/1930,30,56.7,67.7,43.2945,-87.5181,11,1
100582,42927,7/29/1930,23,56.7,89.6,43.2945,-87.5306,11,1
100583,42928,7/29/1930,24,56.7,89.6,43.2945,-87.5306,11,1
100584,42929,7/29/1930,25,56.7,89.6,43.2945,-87.5306,11,1
100585,42930,7/29/1930,26,56.7,89.6,43.2945,-87.5306,11,1
100586,42931,7/29/1930,30,56.7,89.6,43.2945,-87.5306,11,1
100712,43042,8/21/1930,23,56.7,91.4,43.2945,-87.5306,12,1
100713,43043,8/21/1930,24,56.7,91.4,43.2945,-87.5306,12,1
100714,43044,8/21/1930,25,56.7,91.4,43.2945,-87.5306,12,1
100715,43045,8/21/1930,26,56.7,91.4,43.2945,-87.5306,12,1
100716,43046,8/21/1930,30,56.7,91.4,43.2945,-87.5306,12,1
100587,42932,7/29/1930,23,118.9,124.4,43.3083,-87.5833,11,1
100588,42933,7/29/1930,24,118.9,124.4,43.3083,-87.5833,11,1
100589,42934,7/29/1930,25,118.9,124.4,43.3083,-87.5833,11,1
100590,42935,7/29/1930,26,118.9,124.4,43.3083,-87.5833,11,1
100591,42936,7/29/1930,30,118.9,124.4,43.3083,-87.5833,11,1
100658,42992,8/9/1930,23,118.9,124.4,43.3083,-87.5833,11,1
100659,42993,8/9/1930,24,118.9,124.4,43.3083,-87.5833,11,1
100660,42994,8/9/1930,25,118.9,124.4,43.3083,-87.5833,11,1
100661,42995,8/9/1930,26,118.9,124.4,43.3083,-87.5833,11,1
100662,42996,8/9/1930,30,118.9,124.4,43.3083,-87.5833,11,1
100717,43047,8/21/1930,23,118.9,124.4,43.3083,-87.5833,12,1
100718,43048,8/21/1930,24,118.9,124.4,43.3083,-87.5833,12,1
100719,43049,8/21/1930,25,118.9,124.4,43.3083,-87.5833,12,1
100720,43050,8/21/1930,26,118.9,124.4,43.3083,-87.5833,12,1
100721,43051,8/21/1930,30,118.9,124.4,43.3083,-87.5833,12,1
100067,43753,8/31/1931,23,54.9,64,43.4083,-87.7717,10,2
100068,43754,8/31/1931,24,54.9,64,43.4083,-87.7717,10,2
100069,43755,8/31/1931,25,54.9,64,43.4083,-87.7717,10,2
100070,43756,8/31/1931,26,54.9,64,43.4083,-87.7717,10,2
100071,43757,8/31/1931,30,54.9,64,43.4083,-87.7717,10,2
101104,43357,6/12/1931,30,73.2,73.2,43.435,-87.2083,11,2
101100,43353,6/12/1931,23,73.2,73.2,43.435,-87.2083,11,2
101101,43354,6/12/1931,24,73.2,73.2,43.435,-87.2083,11,2
101102,43355,6/12/1931,25,73.2,73.2,43.435,-87.2083,11,2
101103,43356,6/12/1931,26,73.2,73.2,43.435,-87.2083,11,2
99670,43418,6/27/1931,23,73.2,73.2,43.435,-87.2083,15,3
99671,43419,6/27/1931,24,73.2,73.2,43.435,-87.2083,15,3
99672,43420,6/27/1931,25,73.2,73.2,43.435,-87.2083,15,3
99673,43421,6/27/1931,26,73.2,73.2,43.435,-87.2083,15,3
99674,43422,6/27/1931,30,73.2,73.2,43.435,-87.2083,15,3
100961,43238,5/20/1931,23,75,80.5,43.4417,-87.195,14,2
100962,43239,5/20/1931,24,75,80.5,43.4417,-87.195,14,2
100963,43240,5/20/1931,25,75,80.5,43.4417,-87.195,14,2
100964,43241,5/20/1931,26,75,80.5,43.4417,-87.195,14,2
100965,43242,5/20/1931,30,75,80.5,43.4417,-87.195,14,2
101028,43293,6/1/1931,23,80.5,84.1,43.4417,-87.195,12,2
101029,43294,6/1/1931,24,80.5,84.1,43.4417,-87.195,12,2
101030,43295,6/1/1931,25,80.5,84.1,43.4417,-87.195,12,2
101031,43296,6/1/1931,26,80.5,84.1,43.4417,-87.195,12,2
101032,43297,6/1/1931,30,80.5,84.1,43.4417,-87.195,12,2
99883,43602,8/4/1931,30,137.2,139,43.4417,-87.555,11,4
100074,43760,8/31/1931,25,137.2,139,43.4417,-87.555,10,2
99879,43598,8/4/1931,23,137.2,139,43.4417,-87.555,11,4
99880,43599,8/4/1931,24,137.2,139,43.4417,-87.555,11,4
99881,43600,8/4/1931,25,137.2,139,43.4417,-87.555,11,4
99882,43601,8/4/1931,26,137.2,139,43.4417,-87.555,11,4
99939,43648,8/13/1931,23,137.2,139,43.4417,-87.555,9,4
99940,43649,8/13/1931,24,137.2,139,43.4417,-87.555,9,4
99941,43650,8/13/1931,25,137.2,139,43.4417,-87.555,9,4
99942,43651,8/13/1931,26,137.2,139,43.4417,-87.555,9,4
99943,43652,8/13/1931,30,137.2,139,43.4417,-87.555,9,4
100000,43698,8/21/1931,23,137.2,139,43.4417,-87.555,8,4
100001,43699,8/21/1931,24,137.2,139,43.4417,-87.555,8,4
100002,43700,8/21/1931,25,137.2,139,43.4417,-87.555,8,4
100003,43701,8/21/1931,26,137.2,139,43.4417,-87.555,8,4
100004,43702,8/21/1931,30,137.2,139,43.4417,-87.555,8,4
100072,43758,8/31/1931,23,137.2,139,43.4417,-87.555,10,2
100073,43759,8/31/1931,24,137.2,139,43.4417,-87.555,10,2
100075,43761,8/31/1931,26,137.2,139,43.4417,-87.555,10,2
100076,43762,8/31/1931,30,137.2,139,43.4417,-87.555,10,2
100138,43813,9/11/1931,23,137.2,139.9,43.4417,-87.555,11,3
100139,43814,9/11/1931,24,137.2,139.9,43.4417,-87.555,11,3
100140,43815,9/11/1931,25,137.2,139.9,43.4417,-87.555,11,3
100141,43816,9/11/1931,26,137.2,139.9,43.4417,-87.555,11,3
100142,43817,9/11/1931,30,137.2,139.9,43.4417,-87.555,11,3
100908,43195,5/7/1931,25,80.5,84.1,43.4517,-87.21,13,2
100906,43193,5/7/1931,23,80.5,84.1,43.4517,-87.21,13,2
100907,43194,5/7/1931,24,80.5,84.1,43.4517,-87.21,13,2
100909,43196,5/7/1931,26,80.5,84.1,43.4517,-87.21,13,2
100910,43197,5/7/1931,30,80.5,84.1,43.4517,-87.21,13,2
100563,42912,7/25/1930,23,102.4,102.4,43.6,-86.6125,14,1
100564,42913,7/25/1930,24,102.4,102.4,43.6,-86.6125,14,1
100565,42914,7/25/1930,25,102.4,102.4,43.6,-86.6125,14,1
100566,42915,7/25/1930,26,102.4,102.4,43.6,-86.6125,14,1
100567,42916,7/25/1930,30,102.4,102.4,43.6,-86.6125,14,1
100633,42972,8/6/1930,23,102.4,102.4,43.6,-86.6125,12,1
100634,42973,8/6/1930,24,102.4,102.4,43.6,-86.6125,12,1
100635,42974,8/6/1930,25,102.4,102.4,43.6,-86.6125,12,1
100636,42975,8/6/1930,26,102.4,102.4,43.6,-86.6125,12,1
100637,42976,8/6/1930,30,102.4,102.4,43.6,-86.6125,12,1
100692,43022,8/18/1930,23,102.4,102.4,43.6,-86.6125,12,1
100693,43023,8/18/1930,24,102.4,102.4,43.6,-86.6125,12,1
100694,43024,8/18/1930,25,102.4,102.4,43.6,-86.6125,12,1
100695,43025,8/18/1930,26,102.4,102.4,43.6,-86.6125,12,1
100696,43026,8/18/1930,30,102.4,102.4,43.6,-86.6125,12,1
100271,44028,11/18/1931,23,128,131.7,43.6067,-87.5,12,2
100272,44029,11/18/1931,24,128,131.7,43.6067,-87.5,12,2
100273,44030,11/18/1931,25,128,131.7,43.6067,-87.5,12,2
100274,44031,11/18/1931,26,128,131.7,43.6067,-87.5,12,2
100275,44032,11/18/1931,30,128,131.7,43.6067,-87.5,12,2
100379,43923,10/6/1931,23,128,131.7,43.6067,-87.5,13,2
100380,43924,10/6/1931,24,128,131.7,43.6067,-87.5,13,2
100381,43925,10/6/1931,25,128,131.7,43.6067,-87.5,13,2
100382,43926,10/6/1931,26,128,131.7,43.6067,-87.5,13,2
100383,43927,10/6/1931,30,128,131.7,43.6067,-87.5,13,2
100405,43943,10/16/1931,23,128,131.7,43.6067,-87.5,10,2
100406,43944,10/16/1931,24,128,131.7,43.6067,-87.5,10,2
100407,43945,10/16/1931,25,128,131.7,43.6067,-87.5,10,2
100408,43946,10/16/1931,26,128,131.7,43.6067,-87.5,10,2
100409,43947,10/16/1931,30,128,131.7,43.6067,-87.5,10,2
100208,43973,10/26/1931,23,128,131.7,43.6067,-87.5,10,2
100209,43974,10/26/1931,24,128,131.7,43.6067,-87.5,10,2
100210,43975,10/26/1931,25,128,131.7,43.6067,-87.5,10,2
100211,43976,10/26/1931,26,128,131.7,43.6067,-87.5,10,2
100212,43977,10/26/1931,30,128,131.7,43.6067,-87.5,10,2
100244,44003,11/6/1931,23,128,131.7,43.6067,-87.5,11,2
100245,44004,11/6/1931,24,128,131.7,43.6067,-87.5,11,2
100246,44005,11/6/1931,25,128,131.7,43.6067,-87.5,11,2
100247,44006,11/6/1931,26,128,131.7,43.6067,-87.5,11,2
100248,44007,11/6/1931,30,128,131.7,43.6067,-87.5,11,2
100621,42962,8/5/1930,23,111.6,115.2,43.6431,-86.6819,13,1
100622,42963,8/5/1930,24,111.6,115.2,43.6431,-86.6819,13,1
100623,42964,8/5/1930,25,111.6,115.2,43.6431,-86.6819,13,1
100624,42965,8/5/1930,26,111.6,115.2,43.6431,-86.6819,13,1
100625,42966,8/5/1930,30,111.6,115.2,43.6431,-86.6819,13,1
100727,43057,8/26/1930,23,111.6,115.2,43.6431,-86.6819,13,1
100728,43058,8/26/1930,24,111.6,115.2,43.6431,-86.6819,13,1
100729,43059,8/26/1930,25,111.6,115.2,43.6431,-86.6819,13,1
100730,43060,8/26/1930,26,111.6,115.2,43.6431,-86.6819,13,1
100731,43061,8/26/1930,30,111.6,115.2,43.6431,-86.6819,13,1
99666,43415,6/26/1931,25,119.8,133.5,43.65,-87.5233,13,3
99664,43413,6/26/1931,23,119.8,133.5,43.65,-87.5233,13,3
99665,43414,6/26/1931,24,119.8,133.5,43.65,-87.5233,13,3
99667,43416,6/26/1931,26,119.8,133.5,43.65,-87.5233,13,3
99668,43417,6/26/1931,30,119.8,133.5,43.65,-87.5233,13,3
99760,43498,7/9/1931,23,119.8,133.5,43.65,-87.5233,13,3
99761,43499,7/9/1931,24,119.8,133.5,43.65,-87.5233,13,3
99762,43500,7/9/1931,25,119.8,133.5,43.65,-87.5233,13,3
99763,43501,7/9/1931,26,119.8,133.5,43.65,-87.5233,13,3
99764,43502,7/9/1931,30,119.8,133.5,43.65,-87.5233,13,3
100680,43012,8/13/1930,23,111.6,115.2,43.6556,-86.7695,8,1
100681,43013,8/13/1930,24,111.6,115.2,43.6556,-86.7695,8,1
100682,43014,8/13/1930,25,111.6,115.2,43.6556,-86.7695,8,1
100683,43015,8/13/1930,26,111.6,115.2,43.6556,-86.7695,8,1
100684,43016,8/13/1930,30,111.6,115.2,43.6556,-86.7695,8,1
101034,43298,6/2/1931,23,99.7,119.8,43.6583,-87.5383,13,2
100900,43188,5/6/1931,23,100.6,119.8,43.6583,-87.5383,12,2
100901,43189,5/6/1931,24,100.6,119.8,43.6583,-87.5383,12,2
100902,43190,5/6/1931,25,100.6,119.8,43.6583,-87.5383,12,2
100903,43191,5/6/1931,26,100.6,119.8,43.6583,-87.5383,12,2
100904,43192,5/6/1931,30,100.6,119.8,43.6583,-87.5383,12,2
100966,43243,5/20/1931,23,100.6,119.8,43.6583,-87.5383,14,2
100967,43244,5/20/1931,24,100.6,119.8,43.6583,-87.5383,14,2
100968,43245,5/20/1931,25,100.6,119.8,43.6583,-87.5383,14,2
100969,43246,5/20/1931,26,100.6,119.8,43.6583,-87.5383,14,2
100970,43247,5/20/1931,30,100.6,119.8,43.6583,-87.5383,14,2
101035,43299,6/2/1931,24,99.7,119.8,43.6583,-87.5383,13,2
101036,43300,6/2/1931,25,99.7,119.8,43.6583,-87.5383,13,2
101037,43301,6/2/1931,26,99.7,119.8,43.6583,-87.5383,13,2
101038,43302,6/2/1931,30,99.7,119.8,43.6583,-87.5383,13,2
101107,43358,6/13/1931,23,99.7,119.8,43.6583,-87.5383,11,2
101108,43359,6/13/1931,24,99.7,119.8,43.6583,-87.5383,11,2
101109,43360,6/13/1931,25,99.7,119.8,43.6583,-87.5383,11,2
99597,43361,6/13/1931,26,99.7,119.8,43.6583,-87.5383,11,2
99598,43362,6/13/1931,30,99.7,119.8,43.6583,-87.5383,11,2
100266,44023,11/18/1931,23,69.5,82.3,43.665,-87.5917,12,1
100267,44024,11/18/1931,24,69.5,82.3,43.665,-87.5917,12,1
100268,44025,11/18/1931,25,69.5,82.3,43.665,-87.5917,12,1
100269,44026,11/18/1931,26,69.5,82.3,43.665,-87.5917,12,1
100376,43920,10/6/1931,25,69.5,91.4,43.665,-87.5917,13,2
100402,43940,10/16/1931,25,69.5,91.4,43.665,-87.5917,10,2
100204,43969,10/26/1931,24,69.5,91.4,43.665,-87.5917,10,2
100239,43998,11/6/1931,23,69.5,91.4,43.665,-87.5917,11,2
100270,44027,11/18/1931,30,69.5,82.3,43.665,-87.5917,12,1
100374,43918,10/6/1931,23,69.5,91.4,43.665,-87.5917,13,2
100375,43919,10/6/1931,24,69.5,91.4,43.665,-87.5917,13,2
100377,43921,10/6/1931,26,69.5,91.4,43.665,-87.5917,13,2
100378,43922,10/6/1931,30,69.5,91.4,43.665,-87.5917,13,2
100400,43938,10/16/1931,23,69.5,91.4,43.665,-87.5917,10,2
100401,43939,10/16/1931,24,69.5,91.4,43.665,-87.5917,10,2
100403,43941,10/16/1931,26,69.5,91.4,43.665,-87.5917,10,2
100404,43942,10/16/1931,30,69.5,91.4,43.665,-87.5917,10,2
100203,43968,10/26/1931,23,69.5,91.4,43.665,-87.5917,10,2
100205,43970,10/26/1931,25,69.5,91.4,43.665,-87.5917,10,2
100206,43971,10/26/1931,26,69.5,91.4,43.665,-87.5917,10,2
100207,43972,10/26/1931,30,69.5,91.4,43.665,-87.5917,10,2
100240,43999,11/6/1931,24,69.5,91.4,43.665,-87.5917,11,2
100241,44000,11/6/1931,25,69.5,91.4,43.665,-87.5917,11,2
100242,44001,11/6/1931,26,69.5,91.4,43.665,-87.5917,11,2
100243,44002,11/6/1931,30,69.5,91.4,43.665,-87.5917,11,2
100551,42902,7/23/1930,23,95.1,96.9,43.7333,-86.6764,13,1
100552,42903,7/23/1930,24,95.1,96.9,43.7333,-86.6764,13,1
100553,42904,7/23/1930,25,95.1,96.9,43.7333,-86.6764,13,1
100554,42905,7/23/1930,26,95.1,96.9,43.7333,-86.6764,13,1
100555,42906,7/23/1930,30,95.1,96.9,43.7333,-86.6764,13,1
100489,42852,7/10/1930,23,54.9,56.7,43.85,-86.5708,12,1
100490,42853,7/10/1930,24,54.9,56.7,43.85,-86.5708,12,1
100491,42854,7/10/1930,25,54.9,56.7,43.85,-86.5708,12,1
100492,42855,7/10/1930,26,54.9,56.7,43.85,-86.5708,12,1
100493,42856,7/10/1930,30,54.9,56.7,43.85,-86.5708,12,1
100546,42897,7/23/1930,23,47.5,53,43.8681,-86.5528,13,1
100547,42898,7/23/1930,24,47.5,53,43.8681,-86.5528,13,1
100548,42899,7/23/1930,25,47.5,53,43.8681,-86.5528,13,1
100549,42900,7/23/1930,26,47.5,53,43.8681,-86.5528,13,1
100550,42901,7/23/1930,30,47.5,53,43.8681,-86.5528,13,1
100616,42957,8/5/1930,23,47.5,53,43.8681,-86.5528,13,1
100617,42958,8/5/1930,24,47.5,53,43.8681,-86.5528,13,1
100618,42959,8/5/1930,25,47.5,53,43.8681,-86.5528,13,1
100619,42960,8/5/1930,26,47.5,53,43.8681,-86.5528,13,1
100620,42961,8/5/1930,30,47.5,53,43.8681,-86.5528,13,1
100675,43007,8/13/1930,23,47.5,53,43.8681,-86.5528,8,1
100676,43008,8/13/1930,24,47.5,53,43.8681,-86.5528,8,1
100677,43009,8/13/1930,25,47.5,53,43.8681,-86.5528,8,1
100678,43010,8/13/1930,26,47.5,53,43.8681,-86.5528,8,1
100679,43011,8/13/1930,30,47.5,53,43.8681,-86.5528,8,1
100722,43052,8/26/1930,23,47.5,53,43.8681,-86.5528,13,1
100723,43053,8/26/1930,24,47.5,53,43.8681,-86.5528,13,1
100724,43054,8/26/1930,25,47.5,53,43.8681,-86.5528,13,1
100725,43055,8/26/1930,26,47.5,53,43.8681,-86.5528,13,1
100726,43056,8/26/1930,30,47.5,53,43.8681,-86.5528,13,1
101021,43288,5/29/1931,23,133.5,146.3,43.9133,-86.6817,10,2
100955,43233,5/19/1931,23,137.2,146.3,43.9133,-86.6817,14,2
100956,43234,5/19/1931,24,137.2,146.3,43.9133,-86.6817,14,2
100957,43235,5/19/1931,25,137.2,146.3,43.9133,-86.6817,14,2
100958,43236,5/19/1931,26,137.2,146.3,43.9133,-86.6817,14,2
100959,43237,5/19/1931,30,137.2,146.3,43.9133,-86.6817,14,2
101022,43289,5/29/1931,24,133.5,146.3,43.9133,-86.6817,10,2
101023,43290,5/29/1931,25,133.5,146.3,43.9133,-86.6817,10,2
101024,43291,5/29/1931,26,133.5,146.3,43.9133,-86.6817,10,2
101025,43292,5/29/1931,30,133.5,146.3,43.9133,-86.6817,10,2
99858,43582,7/28/1931,30,107.9,137.2,43.9217,-86.6733,8,2
99918,43632,8/8/1931,30,107.9,137.2,43.9217,-86.6733,11,2
100038,43730,8/26/1931,25,107.9,135.3,43.9217,-86.6733,8,2
100110,43791,9/4/1931,26,107.9,135.3,43.9217,-86.6733,9,2
101093,43348,6/11/1931,23,113.4,133.5,43.9217,-86.6733,13,1
101094,43349,6/11/1931,24,113.4,133.5,43.9217,-86.6733,13,1
101095,43350,6/11/1931,25,113.4,133.5,43.9217,-86.6733,13,1
101096,43351,6/11/1931,26,113.4,133.5,43.9217,-86.6733,13,1
101097,43352,6/11/1931,30,113.4,133.5,43.9217,-86.6733,13,1
99653,43408,6/23/1931,23,109.7,137.2,43.9217,-86.6733,12,2
99654,43409,6/23/1931,24,109.7,137.2,43.9217,-86.6733,12,2
99655,43410,6/23/1931,25,109.7,137.2,43.9217,-86.6733,12,2
99656,43411,6/23/1931,26,109.7,137.2,43.9217,-86.6733,12,2
99657,43412,6/23/1931,30,109.7,137.2,43.9217,-86.6733,12,2
99729,43473,7/3/1931,23,109.7,137.2,43.9217,-86.6733,10,2
99730,43474,7/3/1931,24,109.7,137.2,43.9217,-86.6733,10,2
99731,43475,7/3/1931,25,109.7,137.2,43.9217,-86.6733,10,2
99732,43476,7/3/1931,26,109.7,137.2,43.9217,-86.6733,10,2
99733,43477,7/3/1931,30,109.7,137.2,43.9217,-86.6733,10,2
99794,43528,7/20/1931,23,109.7,137.2,43.9217,-86.6733,17,2
99795,43529,7/20/1931,24,109.7,137.2,43.9217,-86.6733,17,2
99796,43530,7/20/1931,25,109.7,137.2,43.9217,-86.6733,17,2
99797,43531,7/20/1931,26,109.7,137.2,43.9217,-86.6733,17,2
99798,43532,7/20/1931,30,109.7,137.2,43.9217,-86.6733,17,2
99854,43578,7/28/1931,23,107.9,137.2,43.9217,-86.6733,8,2
99855,43579,7/28/1931,24,107.9,137.2,43.9217,-86.6733,8,2
99856,43580,7/28/1931,25,107.9,137.2,43.9217,-86.6733,8,2
99857,43581,7/28/1931,26,107.9,137.2,43.9217,-86.6733,8,2
99914,43628,8/8/1931,23,107.9,137.2,43.9217,-86.6733,11,2
99915,43629,8/8/1931,24,107.9,137.2,43.9217,-86.6733,11,2
99916,43630,8/8/1931,25,107.9,137.2,43.9217,-86.6733,11,2
99917,43631,8/8/1931,26,107.9,137.2,43.9217,-86.6733,11,2
99974,43678,8/18/1931,23,107.9,135.3,43.9217,-86.6733,10,2
99975,43679,8/18/1931,24,107.9,135.3,43.9217,-86.6733,10,2
99976,43680,8/18/1931,25,107.9,135.3,43.9217,-86.6733,10,2
99977,43681,8/18/1931,26,107.9,135.3,43.9217,-86.6733,10,2
99978,43682,8/18/1931,30,107.9,135.3,43.9217,-86.6733,10,2
100036,43728,8/26/1931,23,107.9,135.3,43.9217,-86.6733,8,2
100037,43729,8/26/1931,24,107.9,135.3,43.9217,-86.6733,8,2
100039,43731,8/26/1931,26,107.9,135.3,43.9217,-86.6733,8,2
100040,43732,8/26/1931,30,107.9,135.3,43.9217,-86.6733,8,2
100107,43788,9/4/1931,23,107.9,135.3,43.9217,-86.6733,9,2
100108,43789,9/4/1931,24,107.9,135.3,43.9217,-86.6733,9,2
100109,43790,9/4/1931,25,107.9,135.3,43.9217,-86.6733,9,2
100111,43792,9/4/1931,30,107.9,135.3,43.9217,-86.6733,9,2
100172,43843,9/18/1931,23,107.9,115.2,43.9217,-86.6733,14,1
100173,43844,9/18/1931,24,107.9,115.2,43.9217,-86.6733,14,1
100174,43845,9/18/1931,25,107.9,115.2,43.9217,-86.6733,14,1
100175,43846,9/18/1931,26,107.9,115.2,43.9217,-86.6733,14,1
100176,43847,9/18/1931,30,107.9,115.2,43.9217,-86.6733,14,1
100348,43893,10/1/1931,23,107.9,115.2,43.9217,-86.6733,13,1
100349,43894,10/1/1931,24,107.9,115.2,43.9217,-86.6733,13,1
100350,43895,10/1/1931,25,107.9,115.2,43.9217,-86.6733,13,1
100351,43896,10/1/1931,26,107.9,115.2,43.9217,-86.6733,13,1
100352,43897,10/1/1931,30,107.9,115.2,43.9217,-86.6733,13,1
101092,43347,6/11/1931,30,53.9,56.7,43.93,-86.6,13,1
99651,43406,6/23/1931,26,53.9,56.7,43.93,-86.6,12,1
100950,43228,5/15/1931,23,54.9,61.3,43.93,-86.6,10,2
100951,43229,5/15/1931,24,54.9,61.3,43.93,-86.6,10,2
100952,43230,5/15/1931,25,54.9,61.3,43.93,-86.6,10,2
100953,43231,5/15/1931,26,54.9,61.3,43.93,-86.6,10,2
100954,43232,5/15/1931,30,54.9,61.3,43.93,-86.6,10,2
101088,43343,6/11/1931,23,53.9,56.7,43.93,-86.6,13,1
101089,43344,6/11/1931,24,53.9,56.7,43.93,-86.6,13,1
101090,43345,6/11/1931,25,53.9,56.7,43.93,-86.6,13,1
101091,43346,6/11/1931,26,53.9,56.7,43.93,-86.6,13,1
99648,43403,6/23/1931,23,53.9,56.7,43.93,-86.6,12,1
99649,43404,6/23/1931,24,53.9,56.7,43.93,-86.6,12,1
99650,43405,6/23/1931,25,53.9,56.7,43.93,-86.6,12,1
99652,43407,6/23/1931,30,53.9,56.7,43.93,-86.6,12,1
99724,43468,7/3/1931,23,53.9,56.7,43.93,-86.6,10,1
99725,43469,7/3/1931,24,53.9,56.7,43.93,-86.6,10,1
99726,43470,7/3/1931,25,53.9,56.7,43.93,-86.6,10,1
99727,43471,7/3/1931,26,53.9,56.7,43.93,-86.6,10,1
99728,43472,7/3/1931,30,53.9,56.7,43.93,-86.6,10,1
100343,43888,10/1/1931,23,53,57.6,43.93,-86.6,13,1
100344,43889,10/1/1931,24,53,57.6,43.93,-86.6,13,1
100345,43890,10/1/1931,25,53,57.6,43.93,-86.6,13,1
100346,43891,10/1/1931,26,53,57.6,43.93,-86.6,13,1
100347,43892,10/1/1931,30,53,57.6,43.93,-86.6,13,1
99790,43524,7/20/1931,24,49.4,53.9,43.9317,-86.5933,17,1
99909,43623,8/8/1931,23,49.4,53.9,43.9317,-86.5933,11,1
100170,43841,9/18/1931,26,53,56.7,43.9317,-86.5933,14,1
99789,43523,7/20/1931,23,49.4,53.9,43.9317,-86.5933,17,1
99791,43525,7/20/1931,25,49.4,53.9,43.9317,-86.5933,17,1
99792,43526,7/20/1931,26,49.4,53.9,43.9317,-86.5933,17,1
99793,43527,7/20/1931,30,49.4,53.9,43.9317,-86.5933,17,1
99849,43573,7/28/1931,23,49.4,53.9,43.9317,-86.5933,8,1
99850,43574,7/28/1931,24,49.4,53.9,43.9317,-86.5933,8,1
99851,43575,7/28/1931,25,49.4,53.9,43.9317,-86.5933,8,1
99852,43576,7/28/1931,26,49.4,53.9,43.9317,-86.5933,8,1
99853,43577,7/28/1931,30,49.4,53.9,43.9317,-86.5933,8,1
99910,43624,8/8/1931,24,49.4,53.9,43.9317,-86.5933,11,1
99911,43625,8/8/1931,25,49.4,53.9,43.9317,-86.5933,11,1
99912,43626,8/8/1931,26,49.4,53.9,43.9317,-86.5933,11,1
99913,43627,8/8/1931,30,49.4,53.9,43.9317,-86.5933,11,1
99969,43673,8/18/1931,23,49.4,53.9,43.9317,-86.5933,10,1
99970,43674,8/18/1931,24,49.4,53.9,43.9317,-86.5933,10,1
99971,43675,8/18/1931,25,49.4,53.9,43.9317,-86.5933,10,1
99972,43676,8/18/1931,26,49.4,53.9,43.9317,-86.5933,10,1
99973,43677,8/18/1931,30,49.4,53.9,43.9317,-86.5933,10,1
100031,43723,8/26/1931,23,49.4,53.9,43.9317,-86.5933,8,1
100032,43724,8/26/1931,24,49.4,53.9,43.9317,-86.5933,8,1
100033,43725,8/26/1931,25,49.4,53.9,43.9317,-86.5933,8,1
100034,43726,8/26/1931,26,49.4,53.9,43.9317,-86.5933,8,1
100035,43727,8/26/1931,30,49.4,53.9,43.9317,-86.5933,8,1
100102,43783,9/4/1931,23,49.4,53.9,43.9317,-86.5933,9,1
100103,43784,9/4/1931,24,49.4,53.9,43.9317,-86.5933,9,1
100104,43785,9/4/1931,25,49.4,53.9,43.9317,-86.5933,9,1
100105,43786,9/4/1931,26,49.4,53.9,43.9317,-86.5933,9,1
100106,43787,9/4/1931,30,49.4,53.9,43.9317,-86.5933,9,1
100167,43838,9/18/1931,23,53,56.7,43.9317,-86.5933,14,1
100168,43839,9/18/1931,24,53,56.7,43.9317,-86.5933,14,1
100169,43840,9/18/1931,25,53,56.7,43.9317,-86.5933,14,1
100171,43842,9/18/1931,30,53,56.7,43.9317,-86.5933,14,1
99753,43493,7/8/1931,23,82.3,85,43.945,-87.3533,13,2
99754,43494,7/8/1931,24,82.3,85,43.945,-87.3533,13,2
99755,43495,7/8/1931,25,82.3,85,43.945,-87.3533,13,2
99756,43496,7/8/1931,26,82.3,85,43.945,-87.3533,13,2
99757,43497,7/8/1931,30,82.3,85,43.945,-87.3533,13,2
99817,43548,7/23/1931,23,82.3,85,43.945,-87.3533,15,2
99818,43549,7/23/1931,24,82.3,85,43.945,-87.3533,15,2
99819,43550,7/23/1931,25,82.3,85,43.945,-87.3533,15,2
99820,43551,7/23/1931,26,82.3,85,43.945,-87.3533,15,2
99821,43552,7/23/1931,30,82.3,85,43.945,-87.3533,15,2
99874,43593,8/3/1931,23,82.3,85,43.945,-87.3533,11,2
99875,43594,8/3/1931,24,82.3,85,43.945,-87.3533,11,2
99876,43595,8/3/1931,25,82.3,85,43.945,-87.3533,11,2
99877,43596,8/3/1931,26,82.3,85,43.945,-87.3533,11,2
99878,43597,8/3/1931,30,82.3,85,43.945,-87.3533,11,2
99812,43543,7/23/1931,23,76.8,80.5,44,-87.41,15,2
99873,43592,8/3/1931,30,76.8,80.5,44,-87.41,11,2
99813,43544,7/23/1931,24,76.8,80.5,44,-87.41,15,2
99814,43545,7/23/1931,25,76.8,80.5,44,-87.41,15,2
99815,43546,7/23/1931,26,76.8,80.5,44,-87.41,15,2
99816,43547,7/23/1931,30,76.8,80.5,44,-87.41,15,2
99869,43588,8/3/1931,23,76.8,80.5,44,-87.41,11,2
99870,43589,8/3/1931,24,76.8,80.5,44,-87.41,11,2
99871,43590,8/3/1931,25,76.8,80.5,44,-87.41,11,2
99872,43591,8/3/1931,26,76.8,80.5,44,-87.41,11,2
99748,43488,7/8/1931,23,51.2,64,44.0767,-87.48,13,2
99749,43489,7/8/1931,24,51.2,64,44.0767,-87.48,13,2
99750,43490,7/8/1931,25,51.2,64,44.0767,-87.48,13,2
99751,43491,7/8/1931,26,51.2,64,44.0767,-87.48,13,2
99752,43492,7/8/1931,30,51.2,64,44.0767,-87.48,13,2
100455,42822,7/3/1930,23,45.7,49.4,44.15,-87.425,10,1
100456,42823,7/3/1930,24,45.7,49.4,44.15,-87.425,10,1
100457,42824,7/3/1930,25,45.7,49.4,44.15,-87.425,10,1
100458,42825,7/3/1930,26,45.7,49.4,44.15,-87.425,10,1
100459,42826,7/3/1930,30,45.7,49.4,44.15,-87.425,10,1
100522,42877,7/21/1930,23,45.7,49.4,44.15,-87.425,18,1
100523,42878,7/21/1930,24,45.7,49.4,44.15,-87.425,18,1
100524,42879,7/21/1930,25,45.7,49.4,44.15,-87.425,18,1
100525,42880,7/21/1930,26,45.7,49.4,44.15,-87.425,18,1
100526,42881,7/21/1930,30,45.7,49.4,44.15,-87.425,18,1
100594,42937,7/30/1930,23,45.7,49.4,44.15,-87.425,9,1
100595,42938,7/30/1930,24,45.7,49.4,44.15,-87.425,9,1
100596,42939,7/30/1930,25,45.7,49.4,44.15,-87.425,9,1
100597,42940,7/30/1930,26,45.7,49.4,44.15,-87.425,9,1
100598,42941,7/30/1930,30,45.7,49.4,44.15,-87.425,9,1
100665,42997,8/12/1930,23,45.7,49.4,44.15,-87.425,13,1
100666,42998,8/12/1930,24,45.7,49.4,44.15,-87.425,13,1
100667,42999,8/12/1930,25,45.7,49.4,44.15,-87.425,13,1
100668,43000,8/12/1930,26,45.7,49.4,44.15,-87.425,13,1
100669,43001,8/12/1930,30,45.7,49.4,44.15,-87.425,13,1
100460,42827,7/3/1930,23,137.2,146.3,44.1722,-87.2583,10,1
100461,42828,7/3/1930,24,137.2,146.3,44.1722,-87.2583,10,1
100462,42829,7/3/1930,25,137.2,146.3,44.1722,-87.2583,10,1
100463,42830,7/3/1930,26,137.2,146.3,44.1722,-87.2583,10,1
100464,42831,7/3/1930,30,137.2,146.3,44.1722,-87.2583,10,1
100527,42882,7/21/1930,23,137.2,146.3,44.1722,-87.2583,18,1
100528,42883,7/21/1930,24,137.2,146.3,44.1722,-87.2583,18,1
100529,42884,7/21/1930,25,137.2,146.3,44.1722,-87.2583,18,1
100530,42885,7/21/1930,26,137.2,146.3,44.1722,-87.2583,18,1
100531,42886,7/21/1930,30,137.2,146.3,44.1722,-87.2583,18,1
100599,42942,7/30/1930,23,137.2,146.3,44.1722,-87.2583,9,1
100600,42943,7/30/1930,24,137.2,146.3,44.1722,-87.2583,9,1
100601,42944,7/30/1930,25,137.2,146.3,44.1722,-87.2583,9,1
100602,42945,7/30/1930,26,137.2,146.3,44.1722,-87.2583,9,1
100603,42946,7/30/1930,30,137.2,146.3,44.1722,-87.2583,9,1
100670,43002,8/12/1930,23,137.2,146.3,44.1722,-87.2583,13,1
100671,43003,8/12/1930,24,137.2,146.3,44.1722,-87.2583,13,1
100672,43004,8/12/1930,25,137.2,146.3,44.1722,-87.2583,13,1
100673,43005,8/12/1930,26,137.2,146.3,44.1722,-87.2583,13,1
100674,43006,8/12/1930,30,137.2,146.3,44.1722,-87.2583,13,1
99806,43538,7/21/1931,23,114.3,122.5,44.2417,-86.4667,14,1
99807,43539,7/21/1931,24,114.3,122.5,44.2417,-86.4667,14,1
99808,43540,7/21/1931,25,114.3,122.5,44.2417,-86.4667,14,1
99809,43541,7/21/1931,26,114.3,122.5,44.2417,-86.4667,14,1
99810,43542,7/21/1931,30,114.3,122.5,44.2417,-86.4667,14,1
99736,43478,7/6/1931,23,56.7,91.4,44.2433,-86.4267,12,2
99737,43479,7/6/1931,24,56.7,91.4,44.2433,-86.4267,12,2
99738,43480,7/6/1931,25,56.7,91.4,44.2433,-86.4267,12,2
99739,43481,7/6/1931,26,56.7,91.4,44.2433,-86.4267,12,2
99740,43482,7/6/1931,30,56.7,91.4,44.2433,-86.4267,12,2
99741,43483,7/7/1931,23,91.4,113.4,44.2433,-86.4267,13,2
99742,43484,7/7/1931,24,91.4,113.4,44.2433,-86.4267,13,2
99743,43485,7/7/1931,25,91.4,113.4,44.2433,-86.4267,13,2
99744,43486,7/7/1931,26,91.4,113.4,44.2433,-86.4267,13,2
99745,43487,7/7/1931,30,91.4,113.4,44.2433,-86.4267,13,2
99802,43534,7/21/1931,24,51.2,60.4,44.2567,-86.4117,14,1
99801,43533,7/21/1931,23,51.2,60.4,44.2567,-86.4117,14,1
99803,43535,7/21/1931,25,51.2,60.4,44.2567,-86.4117,14,1
99804,43536,7/21/1931,26,51.2,60.4,44.2567,-86.4117,14,1
99805,43537,7/21/1931,30,51.2,60.4,44.2567,-86.4117,14,1
100394,43933,10/15/1931,23,146.3,157.3,44.4183,-87.29,10,3
100395,43934,10/15/1931,24,146.3,157.3,44.4183,-87.29,10,3
100396,43935,10/15/1931,25,146.3,157.3,44.4183,-87.29,10,3
100397,43936,10/15/1931,26,146.3,157.3,44.4183,-87.29,10,3
100398,43937,10/15/1931,30,146.3,157.3,44.4183,-87.29,10,3
100197,43963,10/24/1931,23,162.8,177.4,44.4183,-87.29,9,3
100198,43964,10/24/1931,24,162.8,177.4,44.4183,-87.29,9,3
100199,43965,10/24/1931,25,162.8,177.4,44.4183,-87.29,9,3
100200,43966,10/24/1931,26,162.8,177.4,44.4183,-87.29,9,3
100201,43967,10/24/1931,30,162.8,177.4,44.4183,-87.29,9,3
99932,43643,8/12/1931,23,150,159.1,44.42,-87.28,12,2
100062,43750,8/28/1931,25,150,159.1,44.42,-87.28,8,2
100135,43812,9/10/1931,30,150,159.1,44.42,-87.28,13,2
99933,43644,8/12/1931,24,150,159.1,44.42,-87.28,12,2
99934,43645,8/12/1931,25,150,159.1,44.42,-87.28,12,2
99935,43646,8/12/1931,26,150,159.1,44.42,-87.28,12,2
99936,43647,8/12/1931,30,150,159.1,44.42,-87.28,12,2
99993,43693,8/20/1931,23,150,159.1,44.42,-87.28,8,2
99994,43694,8/20/1931,24,150,159.1,44.42,-87.28,8,2
99995,43695,8/20/1931,25,150,159.1,44.42,-87.28,8,2
99996,43696,8/20/1931,26,150,159.1,44.42,-87.28,8,2
99997,43697,8/20/1931,30,150,159.1,44.42,-87.28,8,2
100060,43748,8/28/1931,23,150,159.1,44.42,-87.28,8,2
100061,43749,8/28/1931,24,150,159.1,44.42,-87.28,8,2
100063,43751,8/28/1931,26,150,159.1,44.42,-87.28,8,2
100064,43752,8/28/1931,30,150,159.1,44.42,-87.28,8,2
100131,43808,9/10/1931,23,150,159.1,44.42,-87.28,13,2
100132,43809,9/10/1931,24,150,159.1,44.42,-87.28,13,2
100133,43810,9/10/1931,25,150,159.1,44.42,-87.28,13,2
100134,43811,9/10/1931,26,150,159.1,44.42,-87.28,13,2
100313,43863,9/21/1931,23,146.3,150,44.42,-87.28,11,2
100314,43864,9/21/1931,24,146.3,150,44.42,-87.28,11,2
100315,43865,9/21/1931,25,146.3,150,44.42,-87.28,11,2
100316,43866,9/21/1931,26,146.3,150,44.42,-87.28,11,2
100317,43867,9/21/1931,30,146.3,150,44.42,-87.28,11,2
100368,43913,10/5/1931,23,150,157.3,44.42,-87.28,14,2
100369,43914,10/5/1931,24,150,157.3,44.42,-87.28,14,2
100370,43915,10/5/1931,25,150,157.3,44.42,-87.28,14,2
100371,43916,10/5/1931,26,150,157.3,44.42,-87.28,14,2
100372,43917,10/5/1931,30,150,157.3,44.42,-87.28,14,2
100308,43858,9/21/1931,23,60.4,78.6,44.425,-87.2917,11,2
100309,43859,9/21/1931,24,60.4,78.6,44.425,-87.2917,11,2
100310,43860,9/21/1931,25,60.4,78.6,44.425,-87.2917,11,2
100311,43861,9/21/1931,26,60.4,78.6,44.425,-87.2917,11,2
100312,43862,9/21/1931,30,60.4,78.6,44.425,-87.2917,11,2
100233,43993,11/5/1931,23,129.8,137.2,44.43,-87.35,12,3
100234,43994,11/5/1931,24,129.8,137.2,44.43,-87.35,12,3
100235,43995,11/5/1931,25,129.8,137.2,44.43,-87.35,12,3
100236,43996,11/5/1931,26,129.8,137.2,44.43,-87.35,12,3
100237,43997,11/5/1931,30,129.8,137.2,44.43,-87.35,12,3
100276,44033,11/19/1931,23,91.4,104.2,44.4433,-87.3917,14,3
100277,44034,11/19/1931,24,91.4,104.2,44.4433,-87.3917,14,3
100278,44035,11/19/1931,25,91.4,104.2,44.4433,-87.3917,14,3
100279,44036,11/19/1931,26,91.4,104.2,44.4433,-87.3917,14,3
100280,44037,11/19/1931,30,91.4,104.2,44.4433,-87.3917,14,3
99927,43638,8/12/1931,23,60.4,78.6,44.445,-87.4133,12,2
99928,43639,8/12/1931,24,60.4,78.6,44.445,-87.4133,12,2
99929,43640,8/12/1931,25,60.4,78.6,44.445,-87.4133,12,2
99930,43641,8/12/1931,26,60.4,78.6,44.445,-87.4133,12,2
99931,43642,8/12/1931,30,60.4,78.6,44.445,-87.4133,12,2
99988,43688,8/20/1931,23,60.4,78.6,44.445,-87.4133,8,2
99989,43689,8/20/1931,24,60.4,78.6,44.445,-87.4133,8,2
99990,43690,8/20/1931,25,60.4,78.6,44.445,-87.4133,8,2
99991,43691,8/20/1931,26,60.4,78.6,44.445,-87.4133,8,2
99992,43692,8/20/1931,30,60.4,78.6,44.445,-87.4133,8,2
100055,43743,8/28/1931,23,60.4,78.6,44.445,-87.4133,8,2
100056,43744,8/28/1931,24,60.4,78.6,44.445,-87.4133,8,2
100057,43745,8/28/1931,25,60.4,78.6,44.445,-87.4133,8,2
100058,43746,8/28/1931,26,60.4,78.6,44.445,-87.4133,8,2
100059,43747,8/28/1931,30,60.4,78.6,44.445,-87.4133,8,2
100126,43803,9/10/1931,23,60.4,78.6,44.445,-87.4133,13,2
100127,43804,9/10/1931,24,60.4,78.6,44.445,-87.4133,13,2
100128,43805,9/10/1931,25,60.4,78.6,44.445,-87.4133,13,2
100129,43806,9/10/1931,26,60.4,78.6,44.445,-87.4133,13,2
100130,43807,9/10/1931,30,60.4,78.6,44.445,-87.4133,13,2
100363,43908,10/3/1931,23,60.4,78.6,44.445,-87.4133,12,2
100364,43909,10/3/1931,24,60.4,78.6,44.445,-87.4133,12,2
100365,43910,10/3/1931,25,60.4,78.6,44.445,-87.4133,12,2
100366,43911,10/3/1931,26,60.4,78.6,44.445,-87.4133,12,2
100367,43912,10/3/1931,30,60.4,78.6,44.445,-87.4133,12,2
99678,43426,6/27/1930,26,86,155.4,44.55,-86.3667,9,1
100482,42847,7/8/1930,23,86,155.4,44.55,-86.3667,11,1
100483,42848,7/8/1930,24,86,155.4,44.55,-86.3667,11,1
100484,42849,7/8/1930,25,86,155.4,44.55,-86.3667,11,1
100485,42850,7/8/1930,26,86,155.4,44.55,-86.3667,11,1
100486,42851,7/8/1930,30,86,155.4,44.55,-86.3667,11,1
100539,42892,7/22/1930,23,73.2,142.6,44.55,-86.3667,14,1
100540,42893,7/22/1930,24,73.2,142.6,44.55,-86.3667,14,1
100541,42894,7/22/1930,25,73.2,142.6,44.55,-86.3667,14,1
100542,42895,7/22/1930,26,73.2,142.6,44.55,-86.3667,14,1
100543,42896,7/22/1930,30,73.2,142.6,44.55,-86.3667,14,1
100611,42952,8/1/1930,23,80.5,142.6,44.55,-86.3667,10,1
100612,42953,8/1/1930,24,80.5,142.6,44.55,-86.3667,10,1
100613,42954,8/1/1930,25,80.5,142.6,44.55,-86.3667,10,1
100614,42955,8/1/1930,26,80.5,142.6,44.55,-86.3667,10,1
100615,42956,8/1/1930,30,80.5,142.6,44.55,-86.3667,10,1
99675,43423,6/27/1930,23,86,155.4,44.55,-86.3667,9,1
99676,43424,6/27/1930,24,86,155.4,44.55,-86.3667,9,1
99677,43425,6/27/1930,25,86,155.4,44.55,-86.3667,9,1
99679,43427,6/27/1930,30,86,155.4,44.55,-86.3667,9,1
100298,43850,9/19/1931,25,80.5,122.5,44.5617,-86.325,10,1
100179,43848,9/19/1931,23,80.5,122.5,44.5617,-86.325,10,1
100297,43849,9/19/1931,24,80.5,122.5,44.5617,-86.325,10,1
100299,43851,9/19/1931,26,80.5,122.5,44.5617,-86.325,10,1
100300,43852,9/19/1931,30,80.5,122.5,44.5617,-86.325,10,1
100301,43853,9/19/1931,23,122.5,164.6,44.5617,-86.325,10,1
100302,43854,9/19/1931,24,122.5,164.6,44.5617,-86.325,10,1
100303,43855,9/19/1931,25,122.5,164.6,44.5617,-86.325,10,1
100304,43856,9/19/1931,26,122.5,164.6,44.5617,-86.325,10,1
100305,43857,9/19/1931,30,122.5,164.6,44.5617,-86.325,10,1
100353,43898,10/2/1931,23,80.5,122.5,44.5617,-86.325,13,1
100354,43899,10/2/1931,24,80.5,122.5,44.5617,-86.325,13,1
100355,43900,10/2/1931,25,80.5,122.5,44.5617,-86.325,13,1
100356,43901,10/2/1931,26,80.5,122.5,44.5617,-86.325,13,1
100357,43902,10/2/1931,30,80.5,122.5,44.5617,-86.325,13,1
100358,43903,10/2/1931,23,122.5,164.6,44.5617,-86.325,13,1
100359,43904,10/2/1931,24,122.5,164.6,44.5617,-86.325,13,1
100360,43905,10/2/1931,25,122.5,164.6,44.5617,-86.325,13,1
100361,43906,10/2/1931,26,122.5,164.6,44.5617,-86.325,13,1
100362,43907,10/2/1931,30,122.5,164.6,44.5617,-86.325,13,1
100435,42807,6/27/1930,23,54.9,67.7,44.5639,-86.3361,9,1
100436,42808,6/27/1930,24,54.9,67.7,44.5639,-86.3361,9,1
100437,42809,6/27/1930,25,54.9,67.7,44.5639,-86.3361,9,1
100438,42810,6/27/1930,26,54.9,67.7,44.5639,-86.3361,9,1
100439,42811,6/27/1930,30,54.9,67.7,44.5639,-86.3361,9,1
100477,42842,7/8/1930,23,54.9,64,44.5639,-86.3361,11,1
100478,42843,7/8/1930,24,54.9,64,44.5639,-86.3361,11,1
100479,42844,7/8/1930,25,54.9,64,44.5639,-86.3361,11,1
100480,42845,7/8/1930,26,54.9,64,44.5639,-86.3361,11,1
100481,42846,7/8/1930,30,54.9,64,44.5639,-86.3361,11,1
100534,42887,7/22/1930,23,54.9,64,44.5639,-86.3361,14,1
100535,42888,7/22/1930,24,54.9,64,44.5639,-86.3361,14,1
100536,42889,7/22/1930,25,54.9,64,44.5639,-86.3361,14,1
100537,42890,7/22/1930,26,54.9,64,44.5639,-86.3361,14,1
100538,42891,7/22/1930,30,54.9,64,44.5639,-86.3361,14,1
100606,42947,8/1/1930,23,54.9,86,44.5639,-86.3361,10,1
100607,42948,8/1/1930,24,54.9,86,44.5639,-86.3361,10,1
100608,42949,8/1/1930,25,54.9,86,44.5639,-86.3361,10,1
100609,42950,8/1/1930,26,54.9,86,44.5639,-86.3361,10,1
100610,42951,8/1/1930,30,54.9,86,44.5639,-86.3361,10,1
100050,43740,8/27/1931,25,113.4,177.4,44.6,-86.33,8,1
100122,43801,9/5/1931,26,113.4,168.2,44.6,-86.33,9,1
99861,43583,7/30/1931,23,64,184.7,44.6,-86.33,8,3
99862,43584,7/30/1931,24,64,184.7,44.6,-86.33,8,3
99863,43585,7/30/1931,25,64,184.7,44.6,-86.33,8,3
99864,43586,7/30/1931,26,64,184.7,44.6,-86.33,8,3
99865,43587,7/30/1931,30,64,184.7,44.6,-86.33,8,3
99921,43633,8/10/1931,23,45.7,184.7,44.6,-86.33,11,3
99922,43634,8/10/1931,24,45.7,184.7,44.6,-86.33,11,3
99923,43635,8/10/1931,25,45.7,184.7,44.6,-86.33,11,3
99924,43636,8/10/1931,26,45.7,184.7,44.6,-86.33,11,3
99925,43637,8/10/1931,30,45.7,184.7,44.6,-86.33,11,3
99981,43683,8/19/1931,23,54.9,177.4,44.6,-86.33,9,2
99982,43684,8/19/1931,24,54.9,177.4,44.6,-86.33,9,2
99983,43685,8/19/1931,25,54.9,177.4,44.6,-86.33,9,2
99984,43686,8/19/1931,26,54.9,177.4,44.6,-86.33,9,2
99985,43687,8/19/1931,30,54.9,177.4,44.6,-86.33,9,2
100043,43733,8/27/1931,23,54.9,113.4,44.6,-86.33,8,1
100044,43734,8/27/1931,24,54.9,113.4,44.6,-86.33,8,1
100045,43735,8/27/1931,25,54.9,113.4,44.6,-86.33,8,1
100046,43736,8/27/1931,26,54.9,113.4,44.6,-86.33,8,1
100047,43737,8/27/1931,30,54.9,113.4,44.6,-86.33,8,1
100048,43738,8/27/1931,23,113.4,177.4,44.6,-86.33,8,1
100049,43739,8/27/1931,24,113.4,177.4,44.6,-86.33,8,1
100051,43741,8/27/1931,26,113.4,177.4,44.6,-86.33,8,1
100052,43742,8/27/1931,30,113.4,177.4,44.6,-86.33,8,1
100114,43793,9/5/1931,23,54.9,113.4,44.6,-86.33,9,1
100115,43794,9/5/1931,24,54.9,113.4,44.6,-86.33,9,1
100116,43795,9/5/1931,25,54.9,113.4,44.6,-86.33,9,1
100117,43796,9/5/1931,26,54.9,113.4,44.6,-86.33,9,1
100118,43797,9/5/1931,30,54.9,113.4,44.6,-86.33,9,1
100119,43798,9/5/1931,23,113.4,168.2,44.6,-86.33,9,1
100120,43799,9/5/1931,24,113.4,168.2,44.6,-86.33,9,1
100121,43800,9/5/1931,25,113.4,168.2,44.6,-86.33,9,1
100123,43802,9/5/1931,30,113.4,168.2,44.6,-86.33,9,1
101425,44048,4/27/1932,23,28.3,29.3,44.9317,-87.475,6,5
101426,44049,4/27/1932,24,28.3,29.3,44.9317,-87.475,6,5
101427,44050,4/27/1932,25,28.3,29.3,44.9317,-87.475,6,5
101428,44051,4/27/1932,26,28.3,29.3,44.9317,-87.475,6,5
101476,44193,5/17/1932,23,23.8,23.8,44.955,-87.5233,7,5
101477,44194,5/17/1932,24,23.8,23.8,44.955,-87.5233,7,5
101478,44195,5/17/1932,25,23.8,23.8,44.955,-87.5233,7,5
101479,44196,5/17/1932,26,23.8,23.8,44.955,-87.5233,7,5
100772,43090,9/26/1930,24,18.3,18.3,44.9667,-87.5333,2,3
100771,43089,9/26/1930,23,18.3,18.3,44.9667,-87.5333,2,3
100773,43091,9/26/1930,25,18.3,18.3,44.9667,-87.5333,2,3
100768,43086,9/26/1930,23,18.3,18.3,44.975,-87.5333,2,3
100769,43087,9/26/1930,24,18.3,18.3,44.975,-87.5333,2,3
100770,43088,9/26/1930,25,18.3,18.3,44.975,-87.5333,2,3
101233,44228,7/20/1932,24,89.6,100.6,45.0083,-86.0717,6,7
101234,44229,7/20/1932,25,89.6,100.6,45.0083,-86.0717,6,7
101235,44230,7/20/1932,26,89.6,100.6,45.0083,-86.0717,6,7
101301,44279,8/6/1932,24,58.5,89.6,45.01,-86.205,4,4
101302,44280,8/6/1932,25,58.5,89.6,45.01,-86.205,4,4
101303,44281,8/6/1932,26,58.5,89.6,45.01,-86.205,4,4
101304,44282,8/6/1932,24,89.6,99.7,45.01,-86.205,4,3
101305,44283,8/6/1932,25,89.6,99.7,45.01,-86.205,4,3
101306,44284,8/6/1932,26,89.6,99.7,45.01,-86.205,4,3
101442,44061,5/3/1932,23,27.4,29.3,45.0133,-87.495,6,5
101443,44062,5/3/1932,24,27.4,29.3,45.0133,-87.495,6,5
101444,44169,5/3/1932,25,27.4,29.3,45.0133,-87.495,6,5
101445,44170,5/3/1932,26,27.4,29.3,45.0133,-87.495,6,5
101459,44180,5/10/1932,23,25.6,26.5,45.0133,-87.5167,7,5
101460,44181,5/10/1932,24,25.6,26.5,45.0133,-87.5167,7,5
101461,44182,5/10/1932,25,25.6,26.5,45.0133,-87.5167,7,5
101462,44183,5/10/1932,26,25.6,26.5,45.0133,-87.5167,7,5
100284,44038,4/21/1932,23,29.3,29.3,45.0183,-87.475,2,4
100285,44039,4/21/1932,24,29.3,29.3,45.0183,-87.475,2,4
100286,44040,4/21/1932,25,29.3,29.3,45.0183,-87.475,2,4
100287,44041,4/21/1932,26,29.3,29.3,45.0183,-87.475,2,4
101493,44063,5/23/1932,23,31.1,32.9,45.0483,-87.5567,6,5
101494,44064,5/23/1932,24,31.1,32.9,45.0483,-87.5567,6,5
101495,44065,5/23/1932,25,31.1,32.9,45.0483,-87.5567,6,5
101496,44066,5/23/1932,26,31.1,32.9,45.0483,-87.5567,6,5
100774,43092,9/29/1930,23,29.3,29.3,45.0517,-87.4683,4,3
100775,43093,9/29/1930,24,29.3,29.3,45.0517,-87.4683,4,3
100776,43094,9/29/1930,25,29.3,29.3,45.0517,-87.4683,4,3
100777,43095,9/29/1930,23,29.3,29.3,45.0517,-87.4683,4,3
100778,43096,9/29/1930,24,29.3,29.3,45.0517,-87.4683,4,3
100779,43097,9/29/1930,25,29.3,29.3,45.0517,-87.4683,4,3
100786,43101,10/1/1930,23,29.3,29.3,45.0517,-87.4683,2,5
100787,43102,10/1/1930,24,29.3,29.3,45.0517,-87.4683,2,5
100788,43103,10/1/1930,25,29.3,29.3,45.0517,-87.4683,2,5
100797,43110,10/4/1930,23,29.3,29.3,45.0583,-87.3517,2,3
100790,43104,10/2/1930,23,29.3,29.3,45.0583,-87.3517,2,6
100791,43105,10/2/1930,24,29.3,29.3,45.0583,-87.3517,2,6
100792,43106,10/2/1930,25,29.3,29.3,45.0583,-87.3517,2,6
100798,43111,10/4/1930,24,29.3,29.3,45.0583,-87.3517,2,2
100799,43112,10/4/1930,25,29.3,29.3,45.0583,-87.3517,2,4
100761,43081,9/25/1930,24,29.3,29.3,45.0583,-87.485,2,3
100784,43100,9/30/1930,25,29.3,29.3,45.0583,-87.485,1,5
100760,43080,9/25/1930,23,29.3,29.3,45.0583,-87.485,2,3
100762,43082,9/25/1930,25,29.3,29.3,45.0583,-87.485,2,3
100763,43083,9/25/1930,23,29.3,29.3,45.0583,-87.485,2,3
100764,43084,9/25/1930,24,29.3,29.3,45.0583,-87.485,2,3
100765,43085,9/25/1930,25,29.3,29.3,45.0583,-87.485,2,3
100782,43098,9/30/1930,23,29.3,29.3,45.0583,-87.485,1,5
100783,43099,9/30/1930,24,29.3,29.3,45.0583,-87.485,1,5
100741,43068,9/21/1930,23,23.8,23.8,45.0583,-87.5033,1,2
100742,43069,9/21/1930,24,23.8,23.8,45.0583,-87.5033,1,2
100743,43070,9/21/1930,25,23.8,23.8,45.0583,-87.5033,1,2
100752,43074,9/24/1930,23,31.1,31.1,45.0583,-87.5033,3,3
100753,43075,9/24/1930,24,31.1,31.1,45.0583,-87.5033,3,3
100754,43076,9/24/1930,25,31.1,31.1,45.0583,-87.5033,3,3
100738,43065,9/21/1930,23,29.3,29.3,45.0617,-87.4967,1,2
100739,43066,9/21/1930,24,29.3,29.3,45.0617,-87.4967,1,2
100740,43067,9/21/1930,25,29.3,29.3,45.0617,-87.4967,1,2
100747,43071,9/23/1930,23,29.3,29.3,45.0617,-87.4967,2,6
100748,43072,9/23/1930,24,29.3,29.3,45.0617,-87.4967,2,6
100749,43073,9/23/1930,25,29.3,29.3,45.0617,-87.4967,2,6
100735,43062,9/21/1930,23,29.3,29.3,45.0667,-87.505,1,2
100736,43063,9/21/1930,24,29.3,29.3,45.0667,-87.505,1,2
100737,43064,9/21/1930,25,29.3,29.3,45.0667,-87.505,1,2
100755,43077,9/24/1930,23,31.1,31.1,45.0667,-87.505,3,3
100756,43078,9/24/1930,24,31.1,31.1,45.0667,-87.505,3,3
100757,43079,9/24/1930,25,31.1,31.1,45.0667,-87.505,3,3
101509,44076,5/28/1932,23,29.3,31.1,45.0717,-87.4583,5,5
101510,44077,5/28/1932,24,29.3,31.1,45.0717,-87.4583,5,5
101511,44078,5/28/1932,25,29.3,31.1,45.0717,-87.4583,5,5
101512,44079,5/28/1932,26,29.3,31.1,45.0717,-87.4583,5,5
101324,44297,8/11/1932,24,80.5,107.9,45.0767,-86.19,5,7
101325,44298,8/11/1932,25,80.5,107.9,45.0767,-86.19,5,7
101326,44299,8/11/1932,26,80.5,107.9,45.0767,-86.19,5,7
101341,44309,8/16/1932,24,56.7,91.4,45.0883,-85.9767,6,3
101342,44310,8/16/1932,25,56.7,91.4,45.0883,-85.9767,6,3
101343,44311,8/16/1932,26,56.7,91.4,45.0883,-85.9767,6,3
101344,44312,8/16/1932,24,91.4,117,45.0883,-85.9767,6,4
101345,44313,8/16/1932,25,91.4,117,45.0883,-85.9767,6,4
101346,44314,8/16/1932,26,91.4,117,45.0883,-85.9767,6,4
101498,44067,5/24/1932,24,27.4,27.4,45.0983,-87.435,6,7
101499,44068,5/24/1932,25,27.4,27.4,45.0983,-87.435,6,7
101500,44069,5/24/1932,26,27.4,27.4,45.0983,-87.435,6,7
101464,44184,5/11/1932,24,27.4,28.3,45.115,-87.4417,6,6
101465,44185,5/11/1932,25,27.4,28.3,45.115,-87.4417,6,6
101466,44186,5/11/1932,26,27.4,28.3,45.115,-87.4417,6,6
101481,44197,5/18/1932,24,21.9,28.3,45.1183,-87.395,7,7
101483,44199,5/18/1932,26,21.9,28.3,45.1183,-87.395,7,7
101482,44198,5/18/1932,25,21.9,28.3,45.1183,-87.395,7,7
101317,44292,8/10/1932,25,62.2,91.4,45.115,-85.9583,5,4
101318,44293,8/10/1932,26,62.2,91.4,45.115,-85.9583,5,4
101319,44294,8/10/1932,24,91.4,107.9,45.115,-85.9583,5,3
101320,44295,8/10/1932,25,91.4,107.9,45.115,-85.9583,5,3
101321,44296,8/10/1932,26,91.4,107.9,45.115,-85.9583,5,3
101293,44273,8/5/1932,24,62.2,91.4,45.115,-85.9583,4,4
101294,44274,8/5/1932,25,62.2,91.4,45.115,-85.9583,4,4
101295,44275,8/5/1932,26,62.2,91.4,45.115,-85.9583,4,4
101296,44276,8/5/1932,24,91.4,111.6,45.115,-85.9583,4,3
101297,44277,8/5/1932,25,91.4,111.6,45.115,-85.9583,4,3
101298,44278,8/5/1932,26,91.4,111.6,45.115,-85.9583,4,3
101316,44291,8/10/1932,24,62.2,91.4,45.115,-85.9583,5,4
101434,44055,4/29/1932,24,24.7,25.6,45.13,-87.445,7,5
101435,44056,4/29/1932,25,24.7,25.6,45.13,-87.445,7,5
101436,44057,4/29/1932,26,24.7,25.6,45.13,-87.445,7,5
101451,44174,5/5/1932,24,25.6,34.7,45.14,-87.41,6,6
101452,44175,5/5/1932,25,25.6,34.7,45.14,-87.41,6,6
101453,44176,5/5/1932,26,25.6,34.7,45.14,-87.41,6,6
100794,43107,10/3/1930,23,32.9,40.2,45.185,-87.425,2,6
100795,43108,10/3/1930,24,32.9,40.2,45.185,-87.425,2,6
100796,43109,10/3/1930,25,32.9,40.2,45.185,-87.425,2,6
100289,44042,4/22/1932,24,31.1,32.9,45.2117,-87.44,2,5
100290,44043,4/22/1932,25,31.1,32.9,45.2117,-87.44,2,5
100291,44044,4/22/1932,26,31.1,32.9,45.2117,-87.44,2,5
101430,44052,4/28/1932,24,31.1,31.1,45.2333,-87.3883,6,5
101431,44053,4/28/1932,25,31.1,31.1,45.2333,-87.3883,6,5
101432,44054,4/28/1932,26,31.1,31.1,45.2333,-87.3883,6,5
101447,44171,5/4/1932,24,29.3,31.1,45.2333,-87.3883,6,6
101448,44172,5/4/1932,25,29.3,31.1,45.2333,-87.3883,6,6
101449,44173,5/4/1932,26,29.3,31.1,45.2333,-87.3883,6,6
101468,44187,5/12/1932,24,29.3,31.1,45.2333,-87.3883,8,7
101469,44188,5/12/1932,25,29.3,31.1,45.2333,-87.3883,8,7
101470,44189,5/12/1932,26,29.3,31.1,45.2333,-87.3883,8,7
101347,44315,8/17/1932,24,54.9,98.8,45.2417,-85.83,6,2
101348,44316,8/17/1932,25,54.9,98.8,45.2417,-85.83,6,2
101349,44317,8/17/1932,26,54.9,98.8,45.2417,-85.83,6,2
101350,44318,8/17/1932,24,98.8,133.5,45.2417,-85.83,6,5
101351,44319,8/17/1932,25,98.8,133.5,45.2417,-85.83,6,5
101352,44320,8/17/1932,26,98.8,133.5,45.2417,-85.83,6,5
101485,44200,5/19/1932,24,31.1,33.8,45.2567,-87.3483,7,7
101486,44201,5/19/1932,25,31.1,33.8,45.2567,-87.3483,7,7
101487,44202,5/19/1932,26,31.1,33.8,45.2567,-87.3483,7,7
101501,44070,5/25/1932,24,31.1,33.8,45.2633,-87.3117,6,7
101502,44071,5/25/1932,25,31.1,33.8,45.2633,-87.3117,6,7
101503,44072,5/25/1932,26,31.1,33.8,45.2633,-87.3117,6,7
101312,44288,8/9/1932,24,45.7,100.6,45.285,-85.98,5,7
101313,44289,8/9/1932,25,45.7,100.6,45.285,-85.98,5,7
101314,44290,8/9/1932,26,45.7,100.6,45.285,-85.98,5,7
101333,44303,8/13/1932,24,62.2,100.6,45.305,-85.9867,4,4
101334,44304,8/13/1932,25,62.2,100.6,45.305,-85.9867,4,4
101335,44305,8/13/1932,26,62.2,100.6,45.305,-85.9867,4,4
101438,44058,5/2/1932,24,28.3,30.2,45.3117,-87.3533,7,7
101439,44059,5/2/1932,25,28.3,30.2,45.3117,-87.3533,7,7
101440,44060,5/2/1932,26,28.3,30.2,45.3117,-87.3533,7,7
101149,44128,6/29/1932,24,73.2,93.3,45.305,-85.4217,12,7
101150,44129,6/29/1932,25,73.2,93.3,45.305,-85.4217,12,7
101151,44130,6/29/1932,26,73.2,93.3,45.305,-85.4217,12,7
100294,44045,4/25/1932,24,29.3,30.2,45.3283,-87.3167,5,5
100295,44046,4/25/1932,25,29.3,30.2,45.3283,-87.3167,5,5
100296,44047,4/25/1932,26,29.3,30.2,45.3283,-87.3167,5,5
101455,44177,5/6/1932,24,30.2,32.9,45.33,-87.32,4,6
101456,44178,5/6/1932,25,30.2,32.9,45.33,-87.32,4,6
101457,44179,5/6/1932,26,30.2,32.9,45.33,-87.32,4,6
101173,44146,7/7/1932,24,93.3,96.9,45.32,-85.4417,8,7
101174,44147,7/7/1932,25,93.3,96.9,45.32,-85.4417,8,7
101175,44148,7/7/1932,26,93.3,96.9,45.32,-85.4417,8,7
101197,44164,7/12/1932,24,94.2,96.9,45.32,-85.4417,5,6
101198,44165,7/12/1932,25,94.2,96.9,45.32,-85.4417,5,6
101199,44166,7/12/1932,26,94.2,96.9,45.32,-85.4417,5,6
101409,44363,9/12/1932,24,93.3,98.8,45.3217,-85.4383,3,7
101410,44364,9/12/1932,25,93.3,98.8,45.3217,-85.4383,3,7
101411,44365,9/12/1932,26,93.3,98.8,45.3217,-85.4383,3,7
101221,44219,7/18/1932,24,54.9,55.8,45.3533,-85.86,6,6
101222,44220,7/18/1932,25,54.9,55.8,45.3533,-85.86,6,6
101223,44221,7/18/1932,26,54.9,55.8,45.3533,-85.86,6,6
101245,44237,7/25/1932,24,56.7,89.6,45.3617,-85.8967,7,3
101246,44238,7/25/1932,25,56.7,89.6,45.3617,-85.8967,7,3
101247,44239,7/25/1932,26,56.7,89.6,45.3617,-85.8967,7,3
101248,44240,7/25/1932,24,89.6,118.9,45.3617,-85.8967,7,4
101249,44241,7/25/1932,25,89.6,118.9,45.3617,-85.8967,7,4
101250,44242,7/25/1932,26,89.6,118.9,45.3617,-85.8967,7,4
101267,44255,7/30/1932,24,56.7,76.8,45.3617,-85.8967,5,3
101268,44256,7/30/1932,25,56.7,76.8,45.3617,-85.8967,5,3
101269,44257,7/30/1932,26,56.7,76.8,45.3617,-85.8967,5,3
101270,44258,7/30/1932,24,76.8,118.9,45.3617,-85.8967,5,4
101271,44259,7/30/1932,25,76.8,118.9,45.3617,-85.8967,5,4
101272,44260,7/30/1932,26,76.8,118.9,45.3617,-85.8967,5,4
101286,44267,8/4/1932,24,54.9,82.3,45.3617,-85.8967,5,4
101287,44268,8/4/1932,25,54.9,82.3,45.3617,-85.8967,5,4
101288,44269,8/4/1932,26,54.9,82.3,45.3617,-85.8967,5,4
101289,44270,8/4/1932,24,82.3,118.9,45.3617,-85.8967,5,3
101290,44271,8/4/1932,25,82.3,118.9,45.3617,-85.8967,5,3
101291,44272,8/4/1932,26,82.3,118.9,45.3617,-85.8967,5,3
101368,44330,8/26/1932,24,54.9,87.8,45.38,-85.9,6,7
101369,44331,8/26/1932,25,54.9,87.8,45.38,-85.9,6,7
101370,44332,8/26/1932,26,54.9,87.8,45.38,-85.9,6,7
101521,44083,6/9/1932,24,38.4,43.9,45.3883,-87.03,15,7
101522,44084,6/9/1932,25,38.4,43.9,45.3883,-87.03,15,7
101523,44085,6/9/1932,26,38.4,43.9,45.3883,-87.03,15,7
101517,44080,6/8/1932,24,29.3,32.9,45.3883,-87.1,14,7
101518,44081,6/8/1932,25,29.3,32.9,45.3883,-87.1,14,7
101519,44082,6/8/1932,26,29.3,32.9,45.3883,-87.1,14,7
100428,42802,6/26/1930,23,102.4,118.9,45.3833,-85.7611,9,1
100429,42803,6/26/1930,24,102.4,118.9,45.3833,-85.7611,9,1
100430,42804,6/26/1930,25,102.4,118.9,45.3833,-85.7611,9,1
100431,42805,6/26/1930,26,102.4,118.9,45.3833,-85.7611,9,1
100432,42806,6/26/1930,30,102.4,118.9,45.3833,-85.7611,9,1
100472,42837,7/7/1930,23,102.4,118.9,45.3833,-85.7611,11,1
100473,42838,7/7/1930,24,102.4,118.9,45.3833,-85.7611,11,1
100474,42839,7/7/1930,25,102.4,118.9,45.3833,-85.7611,11,1
100475,42840,7/7/1930,26,102.4,118.9,45.3833,-85.7611,11,1
100476,42841,7/7/1930,30,102.4,118.9,45.3833,-85.7611,11,1
100423,42797,6/26/1930,23,45.7,64,45.3917,-85.7403,9,1
100424,42798,6/26/1930,24,45.7,64,45.3917,-85.7403,9,1
100425,42799,6/26/1930,25,45.7,64,45.3917,-85.7403,9,1
100426,42800,6/26/1930,26,45.7,64,45.3917,-85.7403,9,1
100427,42801,6/26/1930,30,45.7,64,45.3917,-85.7403,9,1
100467,42832,7/7/1930,23,45.7,64,45.3917,-85.7403,11,1
100468,42833,7/7/1930,24,45.7,64,45.3917,-85.7403,11,1
100469,42834,7/7/1930,25,45.7,64,45.3917,-85.7403,11,1
100470,42835,7/7/1930,26,45.7,64,45.3917,-85.7403,11,1
100471,42836,7/7/1930,30,45.7,64,45.3917,-85.7403,11,1
101412,44366,9/13/1932,24,61.3,67.7,45.3933,-85.2933,3,6
101413,44367,9/13/1932,25,61.3,67.7,45.3933,-85.2933,3,6
101414,44368,9/13/1932,26,61.3,67.7,45.3933,-85.2933,3,6
101353,44321,8/19/1932,24,106.1,106.1,45.4083,-85.4633,4,7
101354,44322,8/19/1932,25,106.1,106.1,45.4083,-85.4633,4,7
101355,44323,8/19/1932,26,106.1,106.1,45.4083,-85.4633,4,7
101362,44327,8/25/1932,24,106.1,109.7,45.4433,-85.4533,6,7
101363,44328,8/25/1932,25,106.1,109.7,45.4433,-85.4533,6,7
101364,44329,8/25/1932,26,106.1,109.7,45.4433,-85.4533,6,7
101391,44348,9/3/1932,24,106.1,109.7,45.4433,-85.4533,9,7
101392,44349,9/3/1932,25,106.1,109.7,45.4433,-85.4533,9,7
101393,44350,9/3/1932,26,106.1,109.7,45.4433,-85.4533,9,7
101541,44098,6/13/1932,24,43.9,43.9,45.4583,-87.0433,5,7
101110,44099,6/13/1932,25,43.9,43.9,45.4583,-87.0433,5,7
101111,44100,6/13/1932,26,43.9,43.9,45.4583,-87.0433,5,7
101226,44222,7/19/1932,24,60.4,93.3,45.4533,-85.545,6,3
101227,44223,7/19/1932,25,60.4,93.3,45.4533,-85.545,6,3
101228,44224,7/19/1932,26,60.4,93.3,45.4533,-85.545,6,3
101229,44225,7/19/1932,24,93.3,122.5,45.4533,-85.545,6,4
101230,44226,7/19/1932,25,93.3,122.5,45.4533,-85.545,6,4
101231,44227,7/19/1932,26,93.3,122.5,45.4533,-85.545,6,4
101253,44243,7/26/1932,24,75,122.5,45.4533,-85.545,7,7
101254,44244,7/26/1932,25,75,122.5,45.4533,-85.545,7,7
101255,44245,7/26/1932,26,75,122.5,45.4533,-85.545,7,7
101384,44342,9/2/1932,24,71.3,98.8,45.46,-85.7267,8,2
101385,44343,9/2/1932,25,71.3,98.8,45.46,-85.7267,8,2
101386,44344,9/2/1932,26,71.3,98.8,45.46,-85.7267,8,2
101387,44345,9/2/1932,24,98.8,118.9,45.46,-85.7267,8,5
101388,44346,9/2/1932,25,98.8,118.9,45.46,-85.7267,8,5
101389,44347,9/2/1932,26,98.8,118.9,45.46,-85.7267,8,5
101401,44357,9/9/1932,24,98.8,111.6,45.4683,-85.7267,7,7
101402,44358,9/9/1932,25,98.8,111.6,45.4683,-85.7267,7,7
101403,44359,9/9/1932,26,98.8,111.6,45.4683,-85.7267,7,7
101405,44360,9/10/1932,24,87.8,111.6,45.4967,-85.495,7,7
101406,44361,9/10/1932,25,87.8,111.6,45.4967,-85.495,7,7
101407,44362,9/10/1932,26,87.8,111.6,45.4967,-85.495,7,7
101112,44101,6/14/1932,24,113.4,118.9,45.505,-86.38,5,7
101113,44102,6/14/1932,25,113.4,118.9,45.505,-86.38,5,7
101114,44103,6/14/1932,26,113.4,118.9,45.505,-86.38,5,7
101506,44073,5/26/1932,24,29.3,34.7,45.5417,-87.0467,5,6
101507,44074,5/26/1932,25,29.3,34.7,45.5417,-87.0467,5,6
101508,44075,5/26/1932,26,29.3,34.7,45.5417,-87.0467,5,6
101308,44285,8/8/1932,24,56.7,78.6,45.5467,-85.5783,5,7
101309,44286,8/8/1932,25,56.7,78.6,45.5467,-85.5783,5,7
101310,44287,8/8/1932,26,56.7,78.6,45.5467,-85.5783,5,7
101279,44261,8/3/1932,24,44.8,82.3,45.56,-85.525,6,3
101280,44262,8/3/1932,25,44.8,82.3,45.56,-85.525,6,3
101281,44263,8/3/1932,26,44.8,82.3,45.56,-85.525,6,3
101282,44264,8/3/1932,24,82.3,109.7,45.56,-85.525,6,4
101283,44265,8/3/1932,25,82.3,109.7,45.56,-85.525,6,4
101284,44266,8/3/1932,26,82.3,109.7,45.56,-85.525,6,4
101489,44203,5/21/1932,24,32.9,34.7,45.57,-87.0467,8,6
101490,44204,5/21/1932,25,32.9,34.7,45.57,-87.0467,8,6
101491,44205,5/21/1932,26,32.9,34.7,45.57,-87.0467,8,6
101259,44249,7/28/1932,24,58.5,75,45.5617,-85.505,6,3
101260,44250,7/28/1932,25,58.5,75,45.5617,-85.505,6,3
101261,44251,7/28/1932,26,58.5,75,45.5617,-85.505,6,3
101262,44252,7/28/1932,24,75,107.9,45.5617,-85.505,6,4
101263,44253,7/28/1932,25,75,107.9,45.5617,-85.505,6,4
101264,44254,7/28/1932,26,75,107.9,45.5617,-85.505,6,4
101472,44190,5/13/1932,24,28.3,32.9,45.5767,-87.0317,4,6
101473,44191,5/13/1932,25,28.3,32.9,45.5767,-87.0317,4,6
101474,44192,5/13/1932,26,28.3,32.9,45.5767,-87.0317,4,6
101153,44131,6/30/1932,24,64,78.6,45.57,-85.7583,14,4
101154,44132,6/30/1932,25,64,78.6,45.57,-85.7583,14,4
101155,44133,6/30/1932,26,64,78.6,45.57,-85.7583,14,4
101156,44134,6/30/1932,24,78.6,126.2,45.57,-85.7583,14,3
101157,44135,6/30/1932,25,78.6,126.2,45.57,-85.7583,14,3
101158,44136,6/30/1932,26,78.6,126.2,45.57,-85.7583,14,3
101177,44149,7/8/1932,24,56.7,75,45.57,-85.7583,8,3
101178,44150,7/8/1932,25,56.7,75,45.57,-85.7583,8,3
101179,44151,7/8/1932,26,56.7,75,45.57,-85.7583,8,3
101180,44152,7/8/1932,24,75,126.2,45.57,-85.7583,8,4
101181,44153,7/8/1932,25,75,126.2,45.57,-85.7583,8,4
101182,44154,7/8/1932,26,75,126.2,45.57,-85.7583,8,4
101201,44167,7/13/1932,24,56.7,75,45.57,-85.7583,5,3
101202,44168,7/13/1932,25,56.7,75,45.57,-85.7583,5,3
101203,44206,7/13/1932,26,56.7,75,45.57,-85.7583,5,3
101204,44207,7/13/1932,24,75,126.2,45.57,-85.7583,5,4
101205,44208,7/13/1932,25,75,126.2,45.57,-85.7583,5,4
101206,44209,7/13/1932,26,75,126.2,45.57,-85.7583,5,4
101533,44092,6/11/1932,24,42.1,78.6,45.575,-85.9633,5,3
101534,44093,6/11/1932,25,42.1,78.6,45.575,-85.9633,5,3
101535,44094,6/11/1932,26,42.1,78.6,45.575,-85.9633,5,3
101536,44095,6/11/1932,24,78.6,102.4,45.575,-85.9633,5,4
101537,44096,6/11/1932,25,78.6,102.4,45.575,-85.9633,5,4
101538,44097,6/11/1932,26,78.6,102.4,45.575,-85.9633,5,4
101125,44110,6/16/1932,24,42.1,78.6,45.575,-85.9633,5,3
101126,44111,6/16/1932,25,42.1,78.6,45.575,-85.9633,5,3
101127,44112,6/16/1932,26,42.1,78.6,45.575,-85.9633,5,3
101128,44113,6/16/1932,24,78.6,102.4,45.575,-85.9633,5,4
101129,44114,6/16/1932,25,78.6,102.4,45.575,-85.9633,5,4
101130,44115,6/16/1932,26,78.6,102.4,45.575,-85.9633,5,4
101165,44140,7/6/1932,24,66.8,82.3,45.575,-85.9633,8,3
101166,44141,7/6/1932,25,66.8,82.3,45.575,-85.9633,8,3
101167,44142,7/6/1932,26,66.8,82.3,45.575,-85.9633,8,3
101168,44143,7/6/1932,24,82.3,100.6,45.575,-85.9633,8,4
101169,44144,7/6/1932,25,82.3,100.6,45.575,-85.9633,8,4
101170,44145,7/6/1932,26,82.3,100.6,45.575,-85.9633,8,4
101189,44158,7/11/1932,24,66.8,82.3,45.575,-85.9633,5,3
101190,44159,7/11/1932,25,66.8,82.3,45.575,-85.9633,5,3
101191,44160,7/11/1932,26,66.8,82.3,45.575,-85.9633,5,3
101192,44161,7/11/1932,24,82.3,100.6,45.575,-85.9633,5,4
101193,44162,7/11/1932,25,82.3,100.6,45.575,-85.9633,5,4
101194,44163,7/11/1932,26,82.3,100.6,45.575,-85.9633,5,4
101213,44213,7/16/1932,24,66.8,82.3,45.575,-85.9633,5,3
101214,44214,7/16/1932,25,66.8,82.3,45.575,-85.9633,5,3
101215,44215,7/16/1932,26,66.8,82.3,45.575,-85.9633,5,3
101216,44216,7/16/1932,24,82.3,102.4,45.575,-85.9633,5,4
101217,44217,7/16/1932,25,82.3,102.4,45.575,-85.9633,5,4
101218,44218,7/16/1932,26,82.3,102.4,45.575,-85.9633,5,4
101237,44231,7/22/1932,24,67.7,82.3,45.575,-85.9633,6,3
101238,44232,7/22/1932,25,67.7,82.3,45.575,-85.9633,6,3
101239,44233,7/22/1932,26,67.7,82.3,45.575,-85.9633,6,3
101240,44234,7/22/1932,24,82.3,102.4,45.575,-85.9633,6,4
101241,44235,7/22/1932,25,82.3,102.4,45.575,-85.9633,6,4
101242,44236,7/22/1932,26,82.3,102.4,45.575,-85.9633,6,4
101141,44122,6/28/1932,24,36.6,56.7,45.5867,-86.015,13,3
101142,44123,6/28/1932,25,36.6,56.7,45.5867,-86.015,13,3
101143,44124,6/28/1932,26,36.6,56.7,45.5867,-86.015,13,3
101525,44086,6/10/1932,24,67.7,84.1,45.59,-86.0367,4,3
101526,44087,6/10/1932,25,67.7,84.1,45.59,-86.0367,4,3
101527,44088,6/10/1932,26,67.7,84.1,45.59,-86.0367,4,3
101528,44089,6/10/1932,24,84.1,91.4,45.59,-86.0367,4,4
101529,44090,6/10/1932,25,84.1,91.4,45.59,-86.0367,4,4
101530,44091,6/10/1932,26,84.1,91.4,45.59,-86.0367,4,4
101117,44104,6/15/1932,24,67.7,84.1,45.59,-86.0367,5,3
101118,44105,6/15/1932,25,67.7,84.1,45.59,-86.0367,5,3
101119,44106,6/15/1932,26,67.7,84.1,45.59,-86.0367,5,3
101120,44107,6/15/1932,24,84.1,91.4,45.59,-86.0367,5,4
101121,44108,6/15/1932,25,84.1,91.4,45.59,-86.0367,5,4
101122,44109,6/15/1932,26,84.1,91.4,45.59,-86.0367,5,4
101144,44125,6/28/1932,24,91.4,96.9,45.595,-86.0767,13,4
101145,44126,6/28/1932,25,91.4,96.9,45.595,-86.0767,13,4
101146,44127,6/28/1932,26,91.4,96.9,45.595,-86.0767,13,4
101359,44324,8/23/1932,24,51.2,73.2,45.5883,-85.145,8,7
101360,44325,8/23/1932,25,51.2,73.2,45.5883,-85.145,8,7
101361,44326,8/23/1932,26,51.2,73.2,45.5883,-85.145,8,7
101137,44119,6/27/1932,24,82.3,89.6,45.6233,-86.315,13,4
101138,44120,6/27/1932,25,82.3,89.6,45.6233,-86.315,13,4
101139,44121,6/27/1932,26,82.3,89.6,45.6233,-86.315,13,4
101329,44300,8/12/1932,24,45.7,75,45.6117,-85.1167,4,7
101330,44301,8/12/1932,25,45.7,75,45.6117,-85.1167,4,7
101331,44302,8/12/1932,26,45.7,75,45.6117,-85.1167,4,7
101336,44306,8/15/1932,24,31.1,75,45.6117,-85.1167,3,7
101337,44307,8/15/1932,25,31.1,75,45.6117,-85.1167,3,7
101338,44308,8/15/1932,26,31.1,75,45.6117,-85.1167,3,7
101161,44137,7/5/1932,24,117,125.3,45.65,-86.14,8,6
101162,44138,7/5/1932,25,117,125.3,45.65,-86.14,8,6
101163,44139,7/5/1932,26,117,125.3,45.65,-86.14,8,6
101185,44155,7/9/1932,24,117,125.3,45.65,-86.14,4,7
101186,44156,7/9/1932,25,117,125.3,45.65,-86.14,4,7
101187,44157,7/9/1932,26,117,125.3,45.65,-86.14,4,7
101209,44210,7/14/1932,24,96.9,100.6,45.69,-86.0833,5,7
101210,44211,7/14/1932,25,96.9,100.6,45.69,-86.0833,5,7
101211,44212,7/14/1932,26,96.9,100.6,45.69,-86.0833,5,7
101134,44116,6/27/1932,24,56.7,60.4,45.7033,-86.3067,13,3
101135,44117,6/27/1932,25,56.7,60.4,45.7033,-86.3067,13,3
101136,44118,6/27/1932,26,56.7,60.4,45.7033,-86.3067,13,3
101395,44351,9/6/1932,24,78.6,84.1,45.7117,-85.9217,6,6
101396,44352,9/6/1932,25,78.6,84.1,45.7117,-85.9217,6,6
101397,44353,9/6/1932,26,78.6,84.1,45.7117,-85.9217,6,6
101376,44336,8/31/1932,24,38.4,87.8,45.7117,-85.8833,5,7
101377,44337,8/31/1932,25,38.4,87.8,45.7117,-85.8833,5,7
101378,44338,8/31/1932,26,38.4,87.8,45.7117,-85.8833,5,7
101372,44333,8/27/1932,24,82.3,96.9,45.7383,-86.105,5,7
101373,44334,8/27/1932,25,82.3,96.9,45.7383,-86.105,5,7
101374,44335,8/27/1932,26,82.3,96.9,45.7383,-86.105,5,7
101380,44339,9/1/1932,24,82.3,96.9,45.7383,-86.105,5,7
101381,44340,9/1/1932,25,82.3,96.9,45.7383,-86.105,5,7
101382,44341,9/1/1932,26,82.3,96.9,45.7383,-86.105,5,7
101398,44354,9/7/1932,24,82.3,96.9,45.7383,-86.105,6,7
101399,44355,9/7/1932,25,82.3,96.9,45.7383,-86.105,6,7
101400,44356,9/7/1932,26,82.3,96.9,45.7383,-86.105,6,7
101256,44246,7/27/1932,24,93.3,96.9,45.74,-86.045,7,7
101257,44247,7/27/1932,25,93.3,96.9,45.74,-86.045,7,7
101258,44248,7/27/1932,26,93.3,96.9,45.74,-86.045,7,7
